application_id,submitted_at,applicant_name,email,phone,device_id,ip_hash,cv_hash,department,university,degree,semester,graduation_year,city,cgpa,cgpa_scale,form_completion_seconds,cover_letter_chars,skills_count,portfolio_url_present,github_url_present,availability_hours_week,synthetic_reference_label,duplicate_email_count,duplicate_phone_count,device_reuse_count,ip_reuse_count,duplicate_cv_count,minutes_since_device_submission,minutes_since_ip_submission,device_applications_24h,ip_applications_24h,duplicate_signal,rapid_submission_signal,inconsistency_count,inconsistent_data_signal,isolation_flag,isolation_anomaly_percentile,isolation_decision_score,kmeans_cluster,cluster_risk_index,cluster_profile,risk_score,alert_level,alert_reason
APP-2026-0283,2026-07-01 08:04:56,Ammar Ahmed,ammarahmed1282@yahoo.com,+923161000282,DEV-0163,IPH-0234,CVH-10282,Business Intelligence,University of Sindh,BS Computer Science,8,2027,Peshawar,3.33,4.0,646,619,8,1,0,30,Normal,1,1,2,3,1,10080.0,10080.0,1,1,0,0,0,0,0,1.2,0.20295,1,1.0,Typical pattern,0.8,Normal,no material alert signal
APP-2026-0089,2026-07-01 09:07:43,Hassan Malik,hassanmalik1088@yahoo.com,+923131000088,DEV-0005,IPH-0418,CVH-10088,Web Development,Sukkur IBA University,BS Computer Science,7,2028,Karachi,2.77,4.0,397,399,8,1,1,40,Normal,1,1,2,1,1,10080.0,10080.0,1,1,0,0,0,0,0,29.0,0.17934,1,1.0,Typical pattern,14.7,Normal,no material alert signal
APP-2026-0586,2026-07-01 09:46:33,Rabia Khan,rabiakhan1585@student.edu.pk,+923201000585,DEV-0199,IPH-0440,CVH-10585,Business Intelligence,University of Sindh,BS Mathematics,6,2027,Karachi,3.68,4.0,352,728,9,0,1,30,Normal,1,1,2,3,1,10080.0,10080.0,1,1,0,0,0,0,0,6.8,0.19602,1,1.0,Typical pattern,3.6,Normal,no material alert signal
APP-2026-0409,2026-07-01 10:37:01,Iqra Ahmed,iqraahmed1408@yahoo.com,+923021000408,DEV-0089,IPH-0307,CVH-10408,Data Analytics,COMSATS University,BS Computer Science,8,2026,Lahore,2.84,4.0,199,902,9,0,0,15,Normal,1,1,1,2,1,10080.0,10080.0,1,1,0,0,0,0,0,43.3,0.16871,1,1.0,Typical pattern,21.8,Normal,no material alert signal
APP-2026-0617,2026-07-01 10:54:32,Rabia Jatoi,rabiajatoi1616@gmail.com,+923051000616,DEV-0507,IPH-0257,CVH-10616,Business Intelligence,SZABIST,BS Data Science,6,2027,Nawabshah,3.22,4.0,315,732,7,1,1,30,Normal,1,1,2,5,1,10080.0,10080.0,1,1,0,0,0,0,0,18.5,0.18828,1,1.0,Typical pattern,9.4,Normal,no material alert signal
APP-2026-0428,2026-07-01 11:18:09,Hira Abbasi,hiraabbasi1427@outlook.com,+923001000427,DEV-0393,IPH-0137,CVH-10427,Data Analytics,NED University,BS Software Engineering,8,2026,Peshawar,3.55,4.0,542,326,5,1,0,25,Normal,2,2,2,5,2,10080.0,10080.0,1,1,1,0,0,0,0,86.8,0.0197,3,70.5,Identity reuse pattern,72.7,High,duplicate identity/CV reuse
APP-2026-0394,2026-07-01 11:47:08,Hira Iqbal,hiraiqbal1393@outlook.com,+923001000393,DEV-0548,IPH-0371,CVH-10393,UI/UX Design,Shah Abdul Latif University,BS Computer Science,6,2028,Islamabad,2.62,4.0,423,569,10,1,1,30,Normal,1,1,2,1,1,10080.0,10080.0,1,1,0,0,0,0,0,8.8,0.19402,1,1.0,Typical pattern,4.6,Normal,no material alert signal
APP-2026-0662,2026-07-01 12:06:09,Hira Abbasi,hiraabbasi1427@outlook.com,+923001000427,DEV-0393,IPH-0137,CVH-10427,Data Analytics,NED University,BS Software Engineering,8,2026,Peshawar,3.55,4.0,61,326,5,1,0,25,Duplicate,2,2,2,5,2,48.0,48.0,2,2,1,0,0,0,1,95.4,-0.04877,3,70.5,Identity reuse pattern,78.2,Critical,duplicate identity/CV reuse
APP-2026-0039,2026-07-01 12:57:11,Ahmed Rind,ahmedrind1038@student.edu.pk,+923031000038,DEV-0268,IPH-0235,CVH-10038,Web Development,University of Karachi,BS Data Science,8,2026,Karachi,3.4,4.0,260,893,6,0,0,20,Normal,1,1,4,5,1,10080.0,10080.0,1,1,0,0,0,0,0,48.2,0.16501,1,1.0,Typical pattern,24.3,Normal,no material alert signal
APP-2026-0285,2026-07-01 13:16:28,Mahnoor Malik,mahnoormalik1284@outlook.com,+923201000284,DEV-0269,IPH-0440,CVH-10284,Data Analytics,NED University,BS Data Science,7,2027,Sukkur,3.53,4.0,368,643,7,0,0,25,Normal,1,1,1,3,1,10080.0,209.92,1,2,0,0,0,0,0,75.7,0.10027,1,1.0,Typical pattern,38.1,Normal,no material alert signal
APP-2026-0558,2026-07-01 13:22:29,Farhan Khan,farhankhan1557@gmail.com,+923171000557,DEV-0152,IPH-0137,CVH-10557,UI/UX Design,Mehran UET,BS Information Technology,7,2027,Peshawar,2.96,4.0,567,731,6,0,1,30,Normal,1,1,1,5,1,10080.0,76.33,1,3,0,0,0,0,0,82.1,0.05789,1,1.0,Typical pattern,41.2,Normal,no material alert signal
APP-2026-0499,2026-07-01 13:25:51,Danish Jatoi,danishjatoi1498@outlook.com,+923151000498,DEV-0315,IPH-0301,CVH-10498,Web Development,University of Sindh,BS Data Science,8,2026,Khairpur,3.13,4.0,504,701,7,0,0,30,Normal,1,1,3,2,1,10080.0,10080.0,1,1,0,0,0,0,0,1.7,0.20147,1,1.0,Typical pattern,1.0,Normal,no material alert signal
APP-2026-0055,2026-07-01 14:35:40,Rabia Ansari,rabiaansari1054@yahoo.com,+923121000054,DEV-0433,IPH-0148,CVH-10054,Web Development,Sukkur IBA University,BS Computer Science,8,2026,Khairpur,2.29,4.0,469,545,5,0,1,30,Normal,1,1,2,2,1,10080.0,10080.0,1,1,0,0,0,0,0,4.6,0.19796,1,1.0,Typical pattern,2.5,Normal,no material alert signal
APP-2026-0011,2026-07-01 16:57:10,Huzaifa Abbasi,huzaifaabbasi1010@student.edu.pk,+923001000010,DEV-0371,IPH-0050,CVH-10010,QA & Testing,Mehran UET,BBA,7,2028,Karachi,2.8,4.0,381,465,9,1,0,35,Normal,1,1,2,3,1,10080.0,10080.0,1,1,0,0,0,0,0,11.7,0.19241,1,1.0,Typical pattern,6.0,Normal,no material alert signal
APP-2026-0080,2026-07-01 16:59:20,Sajawal Iqbal,sajawaliqbal1079@yahoo.com,+923311000079,DEV-0126,IPH-0137,CVH-10079,Web Development,Mehran UET,BBA,8,2026,Peshawar,3.32,4.0,370,899,9,1,1,40,Normal,1,1,4,5,1,10080.0,216.85,1,4,0,0,0,0,0,86.0,0.02731,1,1.0,Typical pattern,43.2,Normal,no material alert signal
APP-2026-0098,2026-07-01 18:30:50,Aqsa Jatoi,aqsajatoi1097@yahoo.com,+923311000097,DEV-0294,IPH-0391,CVH-10097,Data Analytics,Shah Abdul Latif University,BS Software Engineering,7,2028,Karachi,3.09,4.0,1096,786,6,0,0,30,Normal,1,1,2,2,1,10080.0,10080.0,1,1,0,0,0,0,0,25.6,0.18201,1,1.0,Typical pattern,13.0,Normal,no material alert signal
APP-2026-0329,2026-07-01 19:17:26,Komal Baloch,komalbaloch1328@gmail.com,+923331000328,DEV-0327,IPH-0055,CVH-10328,Data Analytics,Mehran UET,BS Computer Science,8,2027,Nawabshah,2.78,4.0,318,828,4,0,1,25,Normal,1,1,2,1,1,10080.0,10080.0,1,1,0,0,0,0,0,10.6,0.19309,1,1.0,Typical pattern,5.5,Normal,no material alert signal
APP-2026-0233,2026-07-01 21:53:46,Fahad Qureshi,fahadqureshi1232@yahoo.com,+923111000232,DEV-0513,IPH-0298,CVH-10232,Data Analytics,SZABIST,BS Information Technology,7,2028,Multan,3.86,4.0,410,1147,3,1,0,20,Normal,1,1,2,1,1,10080.0,10080.0,1,1,0,0,0,0,0,27.5,0.18024,1,1.0,Typical pattern,14.0,Normal,no material alert signal
APP-2026-0297,2026-07-01 23:42:02,Sajawal Jatoi,sajawaljatoi1296@gmail.com,+923171000296,DEV-0449,IPH-0025,CVH-10296,Data Analytics,FAST NUCES,BS Computer Science,8,2026,Karachi,3.07,4.0,435,572,14,1,0,15,Normal,1,1,1,3,1,10080.0,10080.0,1,1,0,0,0,0,0,69.9,0.13288,1,1.0,Typical pattern,35.2,Normal,no material alert signal
APP-2026-0004,2026-07-02 09:14:51,Rayyan Ansari,rayyanansari1003@student.edu.pk,+923211000003,DEV-0229,IPH-0183,CVH-10003,QA & Testing,NED University,BS Computer Science,8,2026,Karachi,3.12,4.0,345,432,6,1,1,20,Normal,1,1,3,2,1,10080.0,10080.0,1,1,0,0,0,0,0,4.3,0.19818,1,1.0,Typical pattern,2.4,Normal,no material alert signal
APP-2026-0512,2026-07-02 10:19:59,Usman Farooq,usmanfarooq1511@yahoo.com,+923321000511,DEV-0376,IPH-0233,CVH-10511,Data Analytics,FAST NUCES,BS Information Technology,7,2027,Karachi,3.05,4.0,558,845,8,1,0,25,Normal,1,1,1,2,1,10080.0,10080.0,1,1,0,0,0,0,0,2.4,0.20038,1,1.0,Typical pattern,1.4,Normal,no material alert signal
APP-2026-0179,2026-07-02 10:26:33,Hamza Qureshi,hamzaqureshi1178@outlook.com,+923211000178,DEV-0262,IPH-0082,CVH-10178,Data Analytics,IBA Karachi,BS Information Technology,8,2026,Karachi,2.63,4.0,372,485,6,0,0,25,Normal,1,1,4,2,1,10080.0,10080.0,1,1,0,0,0,0,0,18.3,0.18841,1,1.0,Typical pattern,9.4,Normal,no material alert signal
APP-2026-0619,2026-07-02 10:54:31,Saad Malik,saadmalik1618@yahoo.com,+923231000618,DEV-0254,IPH-0031,CVH-10618,Cloud & DevOps,SZABIST,BS Software Engineering,8,2027,Peshawar,2.96,4.0,506,789,6,0,1,40,Normal,1,1,4,2,1,10080.0,10080.0,1,1,0,0,0,0,0,36.5,0.17448,1,1.0,Typical pattern,18.4,Normal,no material alert signal
APP-2026-0416,2026-07-02 12:14:21,Aiman Narejo,aimannarejo1415@student.edu.pk,+923341000415,DEV-0220,IPH-0080,CVH-10415,Data Analytics,COMSATS University,BS Mathematics,6,2027,Karachi,3.04,4.0,334,180,11,0,0,30,Normal,2,2,3,4,2,10080.0,10080.0,1,1,1,0,0,0,1,90.3,-0.01084,3,70.5,Identity reuse pattern,74.4,High,duplicate identity/CV reuse
APP-2026-0679,2026-07-02 12:15:45,Aiman Narejo,aimannarejo1415@student.edu.pk,+923341000415,DEV-0220,IPH-0080,CVH-10415,Data Analytics,COMSATS University,BS Mathematics,6,2027,Karachi,3.04,4.0,74,180,11,0,0,30,Multi-signal,2,2,3,4,2,1.4,1.4,2,2,1,1,0,0,1,98.1,-0.08117,3,70.5,Identity reuse pattern,91.4,Critical,duplicate identity/CV reuse; rapid or burst submission
APP-2026-0295,2026-07-02 12:58:24,Anaya Rind,anayarind1294@gmail.com,+923331000294,DEV-0494,IPH-0253,CVH-10294,Data Analytics,SZABIST,BS Software Engineering,8,2026,Lahore,3.63,4.0,218,844,12,1,1,20,Normal,1,1,1,2,1,10080.0,10080.0,1,1,0,0,0,0,0,46.1,0.16678,1,1.0,Typical pattern,23.2,Normal,no material alert signal
APP-2026-0536,2026-07-02 13:28:32,Fatima Qureshi,fatimaqureshi1535@outlook.com,+923211000535,DEV-0106,IPH-0145,CVH-10535,Web Development,Shah Abdul Latif University,BS Computer Science,7,2028,Sukkur,2.79,4.0,276,702,6,0,0,15,Normal,1,1,4,2,1,10080.0,10080.0,1,1,0,0,0,0,0,36.9,0.17408,1,1.0,Typical pattern,18.6,Normal,no material alert signal
APP-2026-0279,2026-07-02 13:43:17,Ali Soomro,alisoomro1278@gmail.com,+923121000278,DEV-0245,IPH-0384,CVH-10278,Data Analytics,FAST NUCES,BS Computer Science,8,2026,Karachi,3.23,4.0,365,1000,10,0,0,35,Normal,1,1,1,1,1,10080.0,10080.0,1,1,0,0,0,0,0,46.7,0.16654,1,1.0,Typical pattern,23.6,Normal,no material alert signal
APP-2026-0148,2026-07-02 14:02:06,Sajawal Shaikh,sajawalshaikh1147@student.edu.pk,+923311000147,DEV-0021,IPH-0311,CVH-10147,Web Development,COMSATS University,BS Computer Science,8,2027,Karachi,2.94,4.0,543,652,7,1,0,15,Normal,1,1,3,5,1,10080.0,10080.0,1,1,0,0,0,0,0,41.0,0.17015,1,1.0,Typical pattern,20.7,Normal,no material alert signal
APP-2026-0067,2026-07-02 15:55:37,Sana Jatoi,sanajatoi1066@student.edu.pk,+923331000066,DEV-0282,IPH-0356,CVH-10066,Web Development,IBA Karachi,BBA,8,2026,Karachi,2.95,4.0,156,868,7,0,0,15,Normal,1,1,1,1,1,10080.0,10080.0,1,1,0,0,0,0,0,51.2,0.16254,1,1.0,Typical pattern,25.8,Normal,no material alert signal
APP-2026-0482,2026-07-02 16:16:42,Areeba Malik,areebamalik1481@outlook.com,+923021000481,DEV-0480,IPH-0252,CVH-10481,Cloud & DevOps,Mehran UET,BS Software Engineering,6,2028,Karachi,3.33,4.0,472,820,5,1,1,15,Normal,1,1,1,2,1,10080.0,10080.0,1,1,0,0,0,0,0,20.0,0.18705,1,1.0,Typical pattern,10.2,Normal,no material alert signal
APP-2026-0215,2026-07-02 16:32:58,Sana Memon,sanamemon1214@student.edu.pk,+923111000214,DEV-0243,IPH-0066,CVH-10214,UI/UX Design,Mehran UET,BS Information Technology,6,2027,Lahore,3.21,4.0,764,805,8,1,1,25,Normal,1,1,2,3,1,10080.0,10080.0,1,1,0,0,0,0,0,6.9,0.19599,1,1.0,Typical pattern,3.6,Normal,no material alert signal
APP-2026-0516,2026-07-02 17:05:55,Zain Iqbal,zainiqbal1515@gmail.com,+923171000515,DEV-0543,IPH-0447,CVH-10515,Web Development,Mehran UET,BS Information Technology,7,2027,Karachi,2.92,4.0,357,824,8,0,0,40,Normal,1,1,3,4,1,10080.0,10080.0,1,1,0,0,0,0,0,39.9,0.17194,1,1.0,Typical pattern,20.2,Normal,no material alert signal
APP-2026-0260,2026-07-02 17:32:22,Muneeb Ahmed,muneebahmed1259@outlook.com,+923311000259,DEV-0405,IPH-0193,CVH-10259,UI/UX Design,Mehran UET,BS Software Engineering,6,2027,Karachi,2.44,4.0,967,1013,7,1,0,40,Normal,1,1,2,4,1,10080.0,10080.0,1,1,0,0,0,0,0,53.2,0.16064,1,1.0,Typical pattern,26.8,Normal,no material alert signal
APP-2026-0323,2026-07-02 17:44:22,Muneeb Jatoi,muneebjatoi1322@gmail.com,+923221000322,DEV-0531,IPH-0380,CVH-10322,Business Intelligence,NED University,BS Computer Science,8,2026,Karachi,3.62,4.0,431,541,4,0,0,30,Normal,1,1,2,2,1,10080.0,10080.0,1,1,0,0,0,0,0,7.8,0.19532,1,1.0,Typical pattern,4.1,Normal,no material alert signal
APP-2026-0232,2026-07-02 18:06:17,Usman Khan,usmankhan1231@yahoo.com,+923011000231,DEV-0208,IPH-0285,CVH-10231,Data Analytics,COMSATS University,BBA,8,2026,Karachi,3.1,4.0,514,712,5,1,1,40,Normal,1,1,2,2,1,10080.0,10080.0,1,1,0,0,0,0,0,16.5,0.18976,1,1.0,Typical pattern,8.4,Normal,no material alert signal
APP-2026-0138,2026-07-02 18:45:11,Sana Narejo,sananarejo1137@outlook.com,+923151000137,DEV-0094,IPH-0198,CVH-10137,Data Analytics,University of Sindh,BBA,8,2026,Karachi,2.99,4.0,299,707,9,0,1,25,Normal,1,1,1,3,1,10080.0,10080.0,1,1,0,0,0,0,0,11.1,0.19261,1,1.0,Typical pattern,5.8,Normal,no material alert signal
APP-2026-0481,2026-07-02 18:45:38,Aiman Abbasi,aimanabbasi1480@outlook.com,+923201000480,DEV-0512,IPH-0369,CVH-10480,Web Development,Sukkur IBA University,BBA,5,2028,Sukkur,3.04,4.0,409,787,6,1,1,20,Normal,1,1,1,3,1,10080.0,10080.0,1,1,0,0,0,0,0,7.5,0.19562,1,1.0,Typical pattern,4.0,Normal,no material alert signal
APP-2026-0361,2026-07-02 19:16:06,Noor Abbasi,noorabbasi1360@yahoo.com,+923311000360,DEV-0288,IPH-0423,CVH-10360,Data Analytics,Mehran UET,BS Information Technology,8,2026,Lahore,2.96,4.0,577,563,8,1,0,35,Normal,1,1,2,2,1,10080.0,10080.0,1,1,0,0,0,0,0,2.5,0.20025,1,1.0,Typical pattern,1.4,Normal,no material alert signal
APP-2026-0363,2026-07-02 19:50:14,Mahnoor Khan,mahnoorkhan1362@outlook.com,+923001000362,DEV-0511,IPH-0089,CVH-10362,UI/UX Design,Shah Abdul Latif University,BS Data Science,6,2027,Karachi,2.96,4.0,1122,1111,4,1,0,30,Normal,1,1,3,4,1,10080.0,10080.0,1,1,0,0,0,0,0,57.4,0.15567,1,1.0,Typical pattern,28.9,Normal,no material alert signal
APP-2026-0522,2026-07-02 20:40:24,Noor Ahmed,noorahmed1521@outlook.com,+923341000521,DEV-0457,IPH-0311,CVH-10521,Cloud & DevOps,NED University,BS Information Technology,7,2027,Lahore,2.64,4.0,574,845,3,0,0,25,Normal,1,1,4,5,1,10080.0,398.3,1,2,0,0,0,0,0,80.4,0.0697,1,1.0,Typical pattern,40.4,Normal,no material alert signal
APP-2026-0235,2026-07-02 21:16:55,Noor Rajput,noorrajput1234@outlook.com,+923311000234,DEV-0456,IPH-0233,CVH-10234,Business Intelligence,University of Karachi,BS Information Technology,8,2026,Islamabad,2.31,4.0,455,997,2,0,0,35,Normal,1,1,4,2,1,10080.0,656.93,1,2,0,0,0,0,0,81.2,0.0622,1,1.0,Typical pattern,40.8,Normal,no material alert signal
APP-2026-0579,2026-07-02 22:03:50,Iqra Jatoi,iqrajatoi1578@yahoo.com,+923321000578,DEV-0145,IPH-0322,CVH-10578,Data Analytics,COMSATS University,BS Information Technology,7,2028,Islamabad,2.42,4.0,412,593,7,0,0,15,Normal,1,1,1,6,1,10080.0,10080.0,1,1,0,0,0,0,0,66.5,0.13982,1,1.0,Typical pattern,33.4,Normal,no material alert signal
APP-2026-0136,2026-07-02 22:30:45,Zara Ali,zaraali1135@student.edu.pk,+923011000135,DEV-0526,IPH-0327,CVH-10135,UI/UX Design,University of Sindh,BS Software Engineering,6,2027,Hyderabad,3.15,4.0,303,683,7,0,0,20,Normal,2,2,3,2,2,10080.0,10080.0,1,1,1,0,0,0,0,86.4,0.02179,3,70.5,Identity reuse pattern,72.5,High,duplicate identity/CV reuse
APP-2026-0675,2026-07-02 22:31:37,Zara Ali,zaraali1135@student.edu.pk,+923011000135,DEV-0526,IPH-0327,CVH-10135,Web Development,University of Sindh,BS Software Engineering,6,2027,Karachi,3.15,4.0,90,683,7,0,0,20,Multi-signal,2,2,3,2,2,0.87,0.87,2,2,1,1,0,0,1,97.2,-0.06826,3,70.5,Identity reuse pattern,90.9,Critical,duplicate identity/CV reuse; rapid or burst submission
APP-2026-0385,2026-07-02 23:17:09,Ali Ansari,aliansari1384@student.edu.pk,+923311000384,DEV-0290,IPH-0137,CVH-10384,UI/UX Design,COMSATS University,BS Data Science,7,2028,Khairpur,3.2,4.0,904,612,4,1,0,40,Normal,1,1,1,5,1,10080.0,1817.82,1,1,0,0,0,0,0,75.1,0.10373,1,1.0,Typical pattern,37.8,Normal,no material alert signal
APP-2026-0265,2026-07-03 08:17:08,Maryam Qureshi,maryamqureshi1264@student.edu.pk,+923041000264,DEV-0155,IPH-0070,CVH-10264,Web Development,NED University,BS Information Technology,8,2027,Karachi,3.26,4.0,265,459,5,1,1,30,Normal,1,1,3,1,1,10080.0,10080.0,1,1,0,0,0,0,0,11.2,0.19258,1,1.0,Typical pattern,5.8,Normal,no material alert signal
APP-2026-0072,2026-07-03 09:13:51,Hamza Narejo,hamzanarejo1071@yahoo.com,+923021000071,DEV-0069,IPH-0351,CVH-10071,UI/UX Design,University of Sindh,BS Computer Science,7,2028,Khairpur,3.11,4.0,411,671,7,1,0,30,Normal,2,2,2,4,2,10080.0,10080.0,1,1,1,0,0,0,0,82.6,0.05172,3,70.5,Identity reuse pattern,70.6,High,duplicate identity/CV reuse
APP-2026-0671,2026-07-03 09:15:19,Hamza Narejo,hamzanarejo1071@yahoo.com,+923021000071,DEV-0069,IPH-0351,CVH-10071,Web Development,University of Sindh,BS Computer Science,7,2028,Peshawar,3.11,4.0,58,671,7,1,0,30,Multi-signal,2,2,2,4,2,1.47,1.47,2,2,1,1,0,0,1,95.1,-0.04814,3,70.5,Identity reuse pattern,89.8,Critical,duplicate identity/CV reuse; rapid or burst submission
APP-2026-0372,2026-07-03 09:31:27,Shayan Ahmed,shayanahmed1371@outlook.com,+923331000371,DEV-0489,IPH-0445,CVH-10371,Business Intelligence,University of Sindh,BS Software Engineering,8,2027,Hyderabad,3.09,4.0,823,642,9,0,1,20,Normal,2,2,3,3,2,10080.0,10080.0,1,1,1,0,0,0,0,87.5,0.00749,3,70.5,Identity reuse pattern,73.1,High,duplicate identity/CV reuse
APP-2026-0321,2026-07-03 10:17:03,Danish Farooq,danishfarooq1320@gmail.com,+923331000320,DEV-0227,IPH-0439,CVH-10320,Cloud & DevOps,University of Sindh,BS Computer Science,8,2026,Karachi,3.08,4.0,218,698,4,1,1,40,Normal,1,1,4,2,1,10080.0,10080.0,1,1,0,0,0,0,0,46.4,0.16657,1,1.0,Typical pattern,23.4,Normal,no material alert signal
APP-2026-0651,2026-07-03 10:37:27,Shayan Ahmed,shayanahmed1371@outlook.com,+923331000371,DEV-0489,IPH-0445,CVH-10371,Cloud & DevOps,University of Sindh,BS Software Engineering,8,2027,Hyderabad,3.09,4.0,81,642,9,0,1,20,Duplicate,2,2,3,3,2,66.0,66.0,2,2,1,0,0,0,1,94.3,-0.04267,3,70.5,Identity reuse pattern,77.6,Critical,duplicate identity/CV reuse
APP-2026-0020,2026-07-03 11:51:48,Sana Baloch,sanabaloch1019@yahoo.com,+923341000019,DEV-0419,IPH-0275,CVH-10019,Data Analytics,Shah Abdul Latif University,BS Information Technology,6,2027,Karachi,3.39,4.0,386,280,5,0,0,30,Normal,1,1,2,1,1,10080.0,10080.0,1,1,0,0,0,0,0,34.4,0.1759,1,1.0,Typical pattern,17.4,Normal,no material alert signal
APP-2026-0634,2026-07-03 12:10:59,Usman Ali,usmanali1633@gmail.com,+923221000633,DEV-0496,IPH-0308,CVH-10633,Business Intelligence,University of Karachi,BS Computer Science,5,2028,Nawabshah,2.18,4.0,1215,498,6,1,1,35,Normal,1,1,3,5,1,10080.0,10080.0,1,1,0,0,0,0,0,66.1,0.14046,1,1.0,Typical pattern,33.2,Normal,no material alert signal
APP-2026-0203,2026-07-03 12:34:32,Sana Rajput,sanarajput1202@gmail.com,+923131000202,DEV-0531,IPH-0003,CVH-10202,Data Analytics,University of Karachi,BS Software Engineering,7,2027,Karachi,3.01,4.0,348,856,11,1,1,25,Normal,1,1,2,4,1,1130.17,10080.0,2,1,0,0,0,0,0,77.6,0.09216,1,1.0,Typical pattern,40.2,Normal,no material alert signal
APP-2026-0023,2026-07-03 13:16:29,Nimra Ahmed,nimraahmed1022@yahoo.com,+923321000022,DEV-0233,IPH-0168,CVH-10022,Data Analytics,Mehran UET,BS Computer Science,8,2026,Karachi,2.21,4.0,120,589,8,1,0,30,Normal,1,1,3,4,1,10080.0,10080.0,1,1,0,0,0,0,0,38.2,0.17351,1,1.0,Typical pattern,19.3,Normal,no material alert signal
APP-2026-0149,2026-07-03 13:37:28,Ammar Jatoi,ammarjatoi1148@student.edu.pk,+923171000148,DEV-0262,IPH-0184,CVH-10148,Web Development,COMSATS University,BS Mathematics,7,2027,Multan,2.61,4.0,328,815,11,0,1,25,Normal,1,1,4,2,1,1630.92,10080.0,1,1,0,0,0,0,0,66.9,0.13796,1,1.0,Typical pattern,33.7,Normal,no material alert signal
APP-2026-0567,2026-07-03 15:00:27,Fahad Chandio,fahadchandio1566@student.edu.pk,+923041000566,DEV-0298,IPH-0153,CVH-10566,Data Analytics,Shah Abdul Latif University,BS Information Technology,8,2026,Lahore,3.28,4.0,559,559,11,1,1,25,Normal,1,1,5,2,1,10080.0,10080.0,1,1,0,0,0,0,0,54.4,0.15928,1,1.0,Typical pattern,27.4,Normal,no material alert signal
APP-2026-0386,2026-07-03 15:53:05,Noor Qureshi,noorqureshi1385@outlook.com,+923001000385,DEV-0508,IPH-0050,CVH-10385,Data Analytics,IBA Karachi,BS Mathematics,7,2027,Nawabshah,2.3,4.0,243,323,6,0,0,25,Normal,1,1,3,3,1,10080.0,2815.92,1,1,0,0,0,0,0,58.9,0.15286,1,1.0,Typical pattern,29.6,Normal,no material alert signal
APP-2026-0614,2026-07-03 16:29:48,Bilal Farooq,bilalfarooq1613@outlook.com,+923201000613,DEV-0430,IPH-0241,CVH-10613,Business Intelligence,Sukkur IBA University,BS Data Science,5,2028,Karachi,3.28,4.0,285,591,7,0,1,25,Normal,1,1,2,3,1,10080.0,10080.0,1,1,0,0,0,0,0,3.9,0.19889,1,1.0,Typical pattern,2.2,Normal,no material alert signal
APP-2026-0050,2026-07-03 17:02:44,Komal Jatoi,komaljatoi1049@outlook.com,+923311000049,DEV-0310,IPH-0242,CVH-10049,QA & Testing,Shah Abdul Latif University,BS Information Technology,5,2029,Hyderabad,2.17,4.0,732,734,7,0,1,15,Normal,1,1,1,1,1,10080.0,10080.0,1,1,0,0,0,0,0,41.5,0.16988,1,1.0,Typical pattern,21.0,Normal,no material alert signal
APP-2026-0563,2026-07-03 17:17:44,Bilal Shaikh,bilalshaikh1562@student.edu.pk,+923341000562,DEV-0032,IPH-0074,CVH-10562,QA & Testing,University of Sindh,BS Computer Science,7,2027,Karachi,2.4,4.0,208,721,7,0,1,25,Normal,1,1,3,1,1,10080.0,10080.0,1,1,0,0,0,0,0,18.8,0.1882,1,1.0,Typical pattern,9.6,Normal,no material alert signal
APP-2026-0583,2026-07-03 18:07:02,Saad Khan,saadkhan1582@student.edu.pk,+923201000582,DEV-0425,IPH-0342,CVH-10582,Data Analytics,Sukkur IBA University,BS Information Technology,6,2027,Islamabad,3.14,4.0,352,467,7,0,0,25,Normal,1,1,2,1,1,10080.0,10080.0,1,1,0,0,0,0,0,7.4,0.19562,1,1.0,Typical pattern,3.9,Normal,no material alert signal
APP-2026-0710,2026-07-03 18:08:00,Fahad Rajput,fahadrajput10710@outlook.com,+923341009710,DEV-I0710,IPH-I0710,CVH-I00710,Web Development,University of Karachi,BS Information Technology,5,2025,Peshawar,2.45,4.0,433,734,3,0,0,40,Inconsistent,1,1,1,1,1,10080.0,10080.0,1,1,0,0,1,1,0,81.8,0.05803,0,53.9,Data inconsistency pattern,65.6,High,inconsistent application data
APP-2026-0593,2026-07-03 18:19:50,Dua Jatoi,duajatoi1592@gmail.com,+923171000592,DEV-0318,IPH-0445,CVH-10592,UI/UX Design,NED University,BS Software Engineering,7,2027,Karachi,3.06,4.0,484,701,8,1,0,30,Normal,1,1,2,3,1,10080.0,462.38,1,3,0,0,0,0,0,76.1,0.09965,1,1.0,Typical pattern,38.2,Normal,no material alert signal
APP-2026-0538,2026-07-03 18:36:24,Hamza Shaikh,hamzashaikh1537@outlook.com,+923161000537,DEV-0446,IPH-0347,CVH-10537,Cloud & DevOps,Sukkur IBA University,BS Computer Science,5,2028,Islamabad,3.43,4.0,844,752,10,0,0,35,Normal,1,1,2,2,1,10080.0,10080.0,1,1,0,0,0,0,0,36.2,0.17504,1,1.0,Typical pattern,18.3,Normal,no material alert signal
APP-2026-0459,2026-07-03 19:36:07,Areeba Chandio,areebachandio1458@student.edu.pk,+923341000458,DEV-0300,IPH-0116,CVH-10458,Web Development,NED University,BS Software Engineering,5,2029,Hyderabad,2.64,4.0,496,730,9,1,1,25,Normal,1,1,1,1,1,10080.0,10080.0,1,1,0,0,0,0,0,12.6,0.19165,1,1.0,Typical pattern,6.5,Normal,no material alert signal
APP-2026-0420,2026-07-03 19:53:56,Shayan Qureshi,shayanqureshi1419@outlook.com,+923001000419,DEV-0474,IPH-0409,CVH-10419,Web Development,SZABIST,BS Software Engineering,7,2028,Sukkur,3.03,4.0,630,895,5,1,0,25,Normal,1,1,1,2,1,10080.0,10080.0,1,1,0,0,0,0,0,7.2,0.19568,1,1.0,Typical pattern,3.8,Normal,no material alert signal
APP-2026-0316,2026-07-03 21:13:23,Rida Qureshi,ridaqureshi1315@yahoo.com,+923211000315,DEV-0424,IPH-0289,CVH-10315,Business Intelligence,FAST NUCES,BBA,8,2026,Khairpur,3.28,4.0,947,833,10,1,0,25,Normal,1,1,2,2,1,10080.0,10080.0,1,1,0,0,0,0,0,23.3,0.18524,1,1.0,Typical pattern,11.8,Normal,no material alert signal
APP-2026-0390,2026-07-04 08:35:24,Ahmed Abbasi,ahmedabbasi1389@student.edu.pk,+923021000389,DEV-0339,IPH-0196,CVH-10389,UI/UX Design,IBA Karachi,BS Software Engineering,7,2027,Lahore,2.85,4.0,353,1107,5,1,0,20,Normal,1,1,2,2,1,10080.0,10080.0,1,1,0,0,0,0,0,5.6,0.19718,1,1.0,Typical pattern,3.0,Normal,no material alert signal
APP-2026-0520,2026-07-04 08:58:01,Saad Khan,saadkhan1519@gmail.com,+923151000519,DEV-0456,IPH-0447,CVH-10519,Business Intelligence,NED University,BS Information Technology,8,2026,Sukkur,3.95,4.0,1057,635,9,0,0,30,Normal,1,1,4,4,1,2141.1,2392.1,1,1,0,0,0,0,0,76.9,0.09429,1,1.0,Typical pattern,38.7,Normal,no material alert signal
APP-2026-0061,2026-07-04 10:05:34,Farhan Qureshi,farhanqureshi1060@outlook.com,+923031000060,DEV-0481,IPH-0093,CVH-10060,UI/UX Design,SZABIST,BS Computer Science,8,2027,Sukkur,2.82,4.0,531,381,3,1,1,20,Normal,1,1,1,2,1,10080.0,10080.0,1,1,0,0,0,0,0,41.2,0.17006,1,1.0,Typical pattern,20.8,Normal,no material alert signal
APP-2026-0578,2026-07-04 10:47:22,Komal Soomro,komalsoomro1577@gmail.com,+923221000577,DEV-0041,IPH-0406,CVH-10577,Business Intelligence,SZABIST,BS Mathematics,7,2027,Karachi,3.49,4.0,795,898,6,1,1,40,Normal,1,1,4,1,1,10080.0,10080.0,1,1,0,0,0,0,0,54.9,0.15907,1,1.0,Typical pattern,27.6,Normal,no material alert signal
APP-2026-0576,2026-07-04 11:20:06,Taha Ansari,tahaansari1575@yahoo.com,+923311000575,DEV-0541,IPH-0181,CVH-10575,Cloud & DevOps,COMSATS University,BS Mathematics,6,2027,Hyderabad,3.17,4.0,482,645,7,1,0,25,Normal,1,1,1,5,1,10080.0,10080.0,1,1,0,0,0,0,0,24.0,0.18386,1,1.0,Typical pattern,12.2,Normal,no material alert signal
APP-2026-0505,2026-07-04 11:20:28,Laiba Malik,laibamalik1504@student.edu.pk,+923221000504,DEV-0308,IPH-0303,CVH-10504,Cloud & DevOps,IBA Karachi,BS Data Science,7,2027,Sukkur,2.81,4.0,250,520,9,1,0,30,Normal,1,1,1,5,1,10080.0,10080.0,1,1,0,0,0,0,0,39.0,0.17276,1,1.0,Typical pattern,19.7,Normal,no material alert signal
APP-2026-0182,2026-07-04 11:36:02,Rayyan Qureshi,rayyanqureshi1181@student.edu.pk,+923201000181,DEV-0111,IPH-0038,CVH-10181,Data Analytics,University of Sindh,BS Information Technology,8,2026,Nawabshah,3.94,4.0,280,787,9,1,0,15,Normal,2,2,4,3,2,10080.0,10080.0,1,1,1,0,0,0,0,86.5,0.02147,3,70.5,Identity reuse pattern,72.6,High,duplicate identity/CV reuse
APP-2026-0626,2026-07-04 12:27:23,Areeba Siddiqui,areebasiddiqui1625@outlook.com,+923221000625,DEV-0549,IPH-0058,CVH-10625,Cloud & DevOps,FAST NUCES,BS Computer Science,8,2026,Islamabad,2.75,4.0,767,888,9,1,0,35,Normal,1,1,3,1,1,10080.0,10080.0,1,1,0,0,0,0,0,33.6,0.17618,1,1.0,Typical pattern,17.0,Normal,no material alert signal
APP-2026-0557,2026-07-04 12:28:53,Saad Qureshi,saadqureshi1556@student.edu.pk,+923021000556,DEV-0365,IPH-0003,CVH-10556,Cloud & DevOps,SZABIST,BS Information Technology,7,2027,Lahore,3.87,4.0,209,306,10,1,0,40,Normal,1,1,4,4,1,10080.0,1434.35,1,2,0,0,0,0,0,79.7,0.07779,1,1.0,Typical pattern,40.1,Normal,no material alert signal
APP-2026-0068,2026-07-04 13:53:07,Zain Ansari,zainansari1067@outlook.com,+923111000067,DEV-0556,IPH-0251,CVH-10067,Business Intelligence,Mehran UET,BS Computer Science,7,2027,Karachi,2.95,4.0,295,580,7,0,1,20,Normal,1,1,2,1,1,10080.0,10080.0,1,1,0,0,0,0,0,8.6,0.19406,1,1.0,Typical pattern,4.5,Normal,no material alert signal
APP-2026-0123,2026-07-04 14:16:19,Danish Siddiqui,danishsiddiqui1122@outlook.com,+923161000122,DEV-0173,IPH-0148,CVH-10122,Web Development,NED University,BS Information Technology,6,2027,Karachi,2.44,4.0,555,472,7,0,1,20,Normal,1,1,1,2,1,10080.0,4300.65,1,1,0,0,0,0,0,36.4,0.17481,1,1.0,Typical pattern,18.4,Normal,no material alert signal
APP-2026-0485,2026-07-04 15:14:30,Sara Ali,saraali1484@gmail.com,+923111000484,DEV-0143,IPH-0088,CVH-10484,Cloud & DevOps,SZABIST,BS Information Technology,7,2027,Islamabad,3.25,4.0,306,545,4,1,1,25,Normal,1,1,1,2,1,10080.0,10080.0,1,1,0,0,0,0,0,11.9,0.19199,1,1.0,Typical pattern,6.2,Normal,no material alert signal
APP-2026-0430,2026-07-04 15:19:42,Mahnoor Rajput,mahnoorrajput1429@yahoo.com,+923001000429,DEV-0179,IPH-0310,CVH-10429,Business Intelligence,SZABIST,BS Computer Science,8,2026,Karachi,3.04,4.0,426,691,11,1,0,35,Normal,2,2,4,6,2,10080.0,10080.0,1,1,1,0,0,0,0,87.9,0.005,3,70.5,Identity reuse pattern,73.2,High,duplicate identity/CV reuse
APP-2026-0678,2026-07-04 15:20:17,Mahnoor Rajput,mahnoorrajput1429@yahoo.com,+923001000429,DEV-0179,IPH-0310,CVH-10429,Web Development,SZABIST,BS Computer Science,8,2026,Karachi,3.04,4.0,52,691,11,1,0,35,Multi-signal,2,2,4,6,2,0.58,0.58,2,2,1,1,0,0,1,97.9,-0.08026,3,70.5,Identity reuse pattern,91.2,Critical,duplicate identity/CV reuse; rapid or burst submission
APP-2026-0127,2026-07-04 16:15:20,Huzaifa Soomro,huzaifasoomro1126@outlook.com,+923151000126,DEV-0112,IPH-0293,CVH-10126,Data Analytics,Mehran UET,BS Computer Science,7,2027,Sukkur,3.48,4.0,239,850,8,1,1,40,Normal,2,2,2,8,2,10080.0,10080.0,1,1,1,0,0,0,1,90.1,-0.01049,3,70.5,Identity reuse pattern,74.4,High,duplicate identity/CV reuse
APP-2026-0398,2026-07-04 16:15:46,Zain Soomro,zainsoomro1397@gmail.com,+923011000397,DEV-0071,IPH-0333,CVH-10397,Business Intelligence,University of Karachi,BS Mathematics,8,2026,Lahore,3.23,4.0,596,834,3,0,0,20,Normal,1,1,3,1,1,10080.0,10080.0,1,1,0,0,0,0,0,40.0,0.17194,1,1.0,Typical pattern,20.2,Normal,no material alert signal
APP-2026-0130,2026-07-04 17:42:54,Bilal Iqbal,bilaliqbal1129@yahoo.com,+923231000129,DEV-0249,IPH-0201,CVH-10129,QA & Testing,Mehran UET,BS Information Technology,8,2026,Khairpur,2.8,4.0,387,573,8,1,1,40,Normal,1,1,3,2,1,10080.0,10080.0,1,1,0,0,0,0,0,16.7,0.18968,1,1.0,Typical pattern,8.5,Normal,no material alert signal
APP-2026-0353,2026-07-04 18:20:08,Fahad Ali,fahadali1352@student.edu.pk,+923021000352,DEV-0254,IPH-0311,CVH-10352,Cloud & DevOps,COMSATS University,BS Information Technology,7,2027,Peshawar,3.03,4.0,390,896,3,0,0,25,Normal,1,1,4,5,1,3325.62,2739.73,1,1,0,0,0,0,0,73.3,0.11192,1,1.0,Typical pattern,36.8,Normal,no material alert signal
APP-2026-0397,2026-07-04 18:51:05,Fahad Abbasi,fahadabbasi1396@yahoo.com,+923331000396,DEV-0073,IPH-0293,CVH-10396,Data Analytics,Mehran UET,BS Information Technology,7,2027,Hyderabad,3.84,4.0,202,430,5,0,1,35,Normal,1,1,3,8,1,10080.0,155.75,1,2,0,0,0,0,0,85.4,0.02973,1,1.0,Typical pattern,42.9,Normal,no material alert signal
APP-2026-0502,2026-07-04 20:10:49,Rida Chandio,ridachandio1501@gmail.com,+923311000501,DEV-0493,IPH-0163,CVH-10501,Cloud & DevOps,Shah Abdul Latif University,BS Mathematics,5,2028,Khairpur,2.58,4.0,878,655,8,0,0,30,Normal,1,1,2,2,1,10080.0,10080.0,1,1,0,0,0,0,0,17.8,0.18874,1,1.0,Typical pattern,9.1,Normal,no material alert signal
APP-2026-0664,2026-07-04 21:11:02,Rayyan Qureshi,rayyanqureshi1181@student.edu.pk,+923201000181,DEV-0111,IPH-0038,CVH-10181,Cloud & DevOps,University of Sindh,BS Information Technology,8,2026,Nawabshah,3.94,4.0,83,787,9,1,0,15,Duplicate,2,2,4,3,2,575.0,575.0,2,2,1,0,0,0,1,89.9,-0.00689,3,70.5,Identity reuse pattern,75.4,Critical,duplicate identity/CV reuse
APP-2026-0273,2026-07-04 22:43:06,Dua Shaikh,duashaikh1272@outlook.com,+923231000272,DEV-0295,IPH-0195,CVH-10272,UI/UX Design,FAST NUCES,BS Software Engineering,6,2027,Karachi,3.15,4.0,622,441,8,1,1,25,Normal,1,1,2,3,1,10080.0,10080.0,1,1,0,0,0,0,0,7.6,0.19549,1,1.0,Typical pattern,4.0,Normal,no material alert signal
APP-2026-0374,2026-07-04 23:47:06,Huzaifa Abbasi,huzaifaabbasi1373@yahoo.com,+923211000373,DEV-0276,IPH-0338,CVH-10373,Cloud & DevOps,Shah Abdul Latif University,BS Information Technology,5,2028,Khairpur,2.67,4.0,503,247,7,0,0,20,Normal,1,1,1,2,1,10080.0,10080.0,1,1,0,0,0,0,0,44.7,0.16797,1,1.0,Typical pattern,22.6,Normal,no material alert signal
APP-2026-0660,2026-07-05 02:27:20,Huzaifa Soomro,huzaifasoomro1126@outlook.com,+923151000126,DEV-0112,IPH-0293,CVH-10126,QA & Testing,Mehran UET,BS Computer Science,7,2027,Sukkur,3.48,4.0,66,850,8,1,1,40,Duplicate,2,2,2,8,2,612.0,456.25,2,3,1,0,0,0,1,96.9,-0.06187,3,70.5,Identity reuse pattern,79.0,Critical,duplicate identity/CV reuse
APP-2026-0100,2026-07-05 11:17:06,Sajawal Qureshi,sajawalqureshi1099@gmail.com,+923131000099,DEV-0417,IPH-0037,CVH-10099,Business Intelligence,NED University,BS Software Engineering,8,2026,Karachi,2.59,4.0,958,588,9,0,1,40,Normal,2,2,3,2,2,10080.0,10080.0,1,1,1,0,0,0,0,88.3,0.00264,3,70.5,Identity reuse pattern,73.4,High,duplicate identity/CV reuse
APP-2026-0585,2026-07-05 11:19:59,Laiba Chandio,laibachandio1584@student.edu.pk,+923001000584,DEV-0320,IPH-0310,CVH-10584,Data Analytics,FAST NUCES,BS Computer Science,7,2027,Karachi,3.37,4.0,618,849,5,1,0,20,Normal,1,1,5,6,1,10080.0,1199.7,1,3,0,0,0,0,0,83.5,0.04907,1,1.0,Typical pattern,42.0,Normal,no material alert signal
APP-2026-0307,2026-07-05 11:31:30,Muneeb Shaikh,muneebshaikh1306@student.edu.pk,+923031000306,DEV-0438,IPH-0444,CVH-10306,Business Intelligence,Shah Abdul Latif University,BS Information Technology,5,2028,Karachi,3.47,4.0,181,1346,13,0,0,20,Normal,1,1,4,2,1,10080.0,10080.0,1,1,0,0,0,0,0,72.4,0.12187,1,1.0,Typical pattern,36.4,Normal,no material alert signal
APP-2026-0476,2026-07-05 12:21:10,Rida Rind,ridarind1475@yahoo.com,+923031000475,DEV-0132,IPH-0438,CVH-10475,QA & Testing,Mehran UET,BBA,6,2027,Multan,2.96,4.0,497,437,5,1,0,40,Normal,1,1,1,3,1,10080.0,10080.0,1,1,0,0,0,0,0,40.3,0.1714,1,1.0,Typical pattern,20.3,Normal,no material alert signal
APP-2026-0331,2026-07-05 12:44:53,Komal Baloch,komalbaloch1330@yahoo.com,+923311000330,DEV-0493,IPH-0160,CVH-10330,Web Development,University of Sindh,BS Computer Science,6,2028,Lahore,3.55,4.0,365,1049,4,0,1,20,Normal,1,1,2,2,1,994.07,10080.0,2,1,0,0,0,0,0,77.9,0.08929,1,1.0,Typical pattern,40.4,Normal,no material alert signal
APP-2026-0653,2026-07-05 13:04:06,Sajawal Qureshi,sajawalqureshi1099@gmail.com,+923131000099,DEV-0417,IPH-0037,CVH-10099,Business Intelligence,NED University,BS Software Engineering,8,2026,Hyderabad,2.59,4.0,79,588,9,0,1,40,Duplicate,2,2,3,2,2,107.0,107.0,2,2,1,0,0,0,1,94.9,-0.04566,3,70.5,Identity reuse pattern,78.0,Critical,duplicate identity/CV reuse
APP-2026-0487,2026-07-05 13:35:19,Bilal Rind,bilalrind1486@outlook.com,+923111000486,DEV-0438,IPH-0114,CVH-10486,Data Analytics,COMSATS University,BS Information Technology,7,2027,Karachi,2.92,4.0,506,537,12,1,0,30,Normal,1,1,4,2,1,123.82,10080.0,2,1,0,0,0,0,0,83.3,0.04948,1,1.0,Typical pattern,43.1,Normal,no material alert signal
APP-2026-0603,2026-07-05 14:16:20,Danish Malik,danishmalik1602@outlook.com,+923331000602,DEV-0227,IPH-0131,CVH-10602,UI/UX Design,University of Sindh,BS Software Engineering,8,2026,Multan,2.35,4.0,642,1363,10,0,1,40,Normal,1,1,4,4,1,3119.28,10080.0,1,1,0,0,0,0,0,76.0,0.09968,1,1.0,Typical pattern,38.2,Normal,no material alert signal
APP-2026-0570,2026-07-05 14:29:59,Hassan Rind,hassanrind1569@outlook.com,+923011000569,DEV-0080,IPH-0028,CVH-10569,Data Analytics,IBA Karachi,BBA,8,2026,Multan,3.53,4.0,624,785,10,1,1,20,Normal,1,1,3,4,1,10080.0,10080.0,1,1,0,0,0,0,0,25.1,0.18223,1,1.0,Typical pattern,12.8,Normal,no material alert signal
APP-2026-0008,2026-07-05 14:33:18,Hamza Ali,hamzaali1007@yahoo.com,+923051000007,DEV-0348,IPH-0232,CVH-10007,Business Intelligence,Sukkur IBA University,BBA,6,2028,Karachi,3.44,4.0,334,425,11,0,1,40,Normal,1,1,3,2,1,10080.0,10080.0,1,1,0,0,0,0,0,49.6,0.16426,1,1.0,Typical pattern,25.0,Normal,no material alert signal
APP-2026-0456,2026-07-05 15:45:09,Komal Rajput,komalrajput1455@outlook.com,+923041000455,DEV-0532,IPH-0280,CVH-10455,Business Intelligence,SZABIST,BS Information Technology,8,2026,Karachi,2.91,4.0,651,452,9,1,0,15,Normal,1,1,2,3,1,10080.0,10080.0,1,1,0,0,0,0,0,34.3,0.17594,1,1.0,Typical pattern,17.3,Normal,no material alert signal
APP-2026-0622,2026-07-05 17:13:51,Bilal Malik,bilalmalik1621@outlook.com,+923111000621,DEV-0178,IPH-0212,CVH-10621,Cloud & DevOps,University of Karachi,BS Information Technology,6,2027,Hyderabad,2.9,4.0,273,641,10,1,0,35,Normal,1,1,1,2,1,10080.0,10080.0,1,1,0,0,0,0,0,22.2,0.18582,1,1.0,Typical pattern,11.3,Normal,no material alert signal
APP-2026-0315,2026-07-05 17:35:22,Huzaifa Ahmed,huzaifaahmed1314@gmail.com,+923021000314,DEV-0296,IPH-0089,CVH-10314,Business Intelligence,COMSATS University,BS Information Technology,8,2027,Islamabad,2.93,4.0,505,405,8,1,1,25,Normal,1,1,2,4,1,10080.0,4185.13,1,1,0,0,0,0,0,28.1,0.17979,1,1.0,Typical pattern,14.2,Normal,no material alert signal
APP-2026-0349,2026-07-05 17:58:49,Aqsa Abbasi,aqsaabbasi1348@gmail.com,+923171000348,DEV-0070,IPH-0187,CVH-10348,QA & Testing,Sukkur IBA University,BS Computer Science,5,2028,Islamabad,3.68,4.0,627,939,7,1,0,20,Normal,1,1,3,1,1,10080.0,10080.0,1,1,0,0,0,0,0,16.0,0.19007,1,1.0,Typical pattern,8.2,Normal,no material alert signal
APP-2026-0241,2026-07-05 18:07:44,Rabia Jatoi,rabiajatoi1240@gmail.com,+923041000240,DEV-0556,IPH-0313,CVH-10240,Business Intelligence,FAST NUCES,BS Information Technology,7,2027,Lahore,3.03,4.0,243,505,9,0,1,40,Normal,1,1,2,2,1,1694.62,10080.0,1,1,0,0,0,0,0,68.9,0.13549,1,1.0,Typical pattern,34.7,Normal,no material alert signal
APP-2026-0411,2026-07-05 18:35:01,Zara Ahmed,zaraahmed1410@gmail.com,+923221000410,DEV-0526,IPH-0101,CVH-10410,Business Intelligence,Mehran UET,BS Data Science,8,2026,Lahore,2.95,4.0,314,355,4,0,0,40,Normal,1,1,3,2,1,4083.4,10080.0,1,1,0,0,0,0,0,61.9,0.1472,1,1.0,Typical pattern,31.2,Normal,no material alert signal
APP-2026-0498,2026-07-05 18:46:12,Huzaifa Mirza,huzaifamirza1497@gmail.com,+923201000497,DEV-0078,IPH-0265,CVH-10497,Data Analytics,NED University,BS Mathematics,8,2026,Hyderabad,2.9,4.0,278,840,8,1,0,30,Normal,1,1,1,1,1,10080.0,10080.0,1,1,0,0,0,0,0,10.8,0.19297,1,1.0,Typical pattern,5.6,Normal,no material alert signal
APP-2026-0555,2026-07-05 19:08:32,Nimra Malik,nimramalik1554@outlook.com,+923211000554,DEV-0076,IPH-0410,CVH-10554,Data Analytics,University of Sindh,BS Information Technology,8,2026,Karachi,2.95,4.0,200,896,9,0,0,30,Normal,1,1,4,2,1,10080.0,10080.0,1,1,0,0,0,0,0,32.6,0.17657,1,1.0,Typical pattern,16.5,Normal,no material alert signal
APP-2026-0618,2026-07-05 19:24:34,Muneeb Ali,muneebali1617@student.edu.pk,+923231000617,DEV-0396,IPH-0303,CVH-10617,QA & Testing,IBA Karachi,BBA,5,2028,Sukkur,2.8,4.0,269,897,9,0,1,20,Normal,1,1,1,5,1,10080.0,1924.1,1,1,0,0,0,0,0,62.9,0.14605,1,1.0,Typical pattern,31.6,Normal,no material alert signal
APP-2026-0152,2026-07-05 20:06:27,Hira Iqbal,hiraiqbal1151@outlook.com,+923051000151,DEV-0023,IPH-0359,CVH-10151,Web Development,FAST NUCES,BS Software Engineering,6,2028,Lahore,2.92,4.0,370,993,11,1,1,40,Normal,1,1,2,1,1,10080.0,10080.0,1,1,0,0,0,0,0,47.2,0.16608,1,1.0,Typical pattern,23.8,Normal,no material alert signal
APP-2026-0539,2026-07-05 20:18:32,Mehak Farooq,mehakfarooq1538@student.edu.pk,+923031000538,DEV-0537,IPH-0357,CVH-10538,Web Development,SZABIST,BS Information Technology,5,2028,Hyderabad,3.32,4.0,615,886,10,0,0,25,Normal,1,1,3,1,1,10080.0,10080.0,1,1,0,0,0,0,0,28.3,0.17974,1,1.0,Typical pattern,14.4,Normal,no material alert signal
APP-2026-0545,2026-07-05 21:20:10,Rabia Abbasi,rabiaabbasi1544@gmail.com,+923231000544,DEV-0071,IPH-0105,CVH-10544,Business Intelligence,FAST NUCES,BS Software Engineering,5,2028,Hyderabad,2.72,4.0,223,896,5,1,0,25,Normal,1,1,3,2,1,1744.4,10080.0,1,1,0,0,0,0,0,52.2,0.16188,1,1.0,Typical pattern,26.3,Normal,no material alert signal
APP-2026-0296,2026-07-05 21:21:17,Hira Soomro,hirasoomro1295@yahoo.com,+923011000295,DEV-0521,IPH-0254,CVH-10295,Web Development,SZABIST,BS Information Technology,7,2027,Nawabshah,2.89,4.0,350,812,5,0,1,20,Normal,1,1,5,4,1,10080.0,10080.0,1,1,0,0,0,0,0,55.4,0.15809,1,1.0,Typical pattern,27.9,Normal,no material alert signal
APP-2026-0597,2026-07-05 22:15:47,Komal Narejo,komalnarejo1596@gmail.com,+923311000596,DEV-0176,IPH-0316,CVH-10596,UI/UX Design,IBA Karachi,BS Mathematics,7,2028,Karachi,2.97,4.0,176,683,2,0,1,25,Normal,1,1,1,2,1,10080.0,10080.0,1,1,0,0,0,0,0,55.1,0.15895,1,1.0,Typical pattern,27.8,Normal,no material alert signal
APP-2026-0170,2026-07-05 23:28:28,Muneeb Siddiqui,muneebsiddiqui1169@student.edu.pk,+923111000169,DEV-0005,IPH-0107,CVH-10169,Data Analytics,COMSATS University,BS Mathematics,7,2028,Khairpur,3.32,4.0,200,468,8,1,0,15,Normal,1,1,2,3,1,6620.75,10080.0,1,1,0,0,0,0,0,44.6,0.16804,1,1.0,Typical pattern,22.5,Normal,no material alert signal
APP-2026-0426,2026-07-06 08:32:34,Areeba Baloch,areebabaloch1425@yahoo.com,+923151000425,DEV-0108,IPH-0335,CVH-10425,Data Analytics,Shah Abdul Latif University,BBA,7,2028,Hyderabad,3.39,4.0,1173,518,3,1,1,25,Normal,2,2,5,4,2,10080.0,10080.0,1,1,1,0,0,0,1,91.0,-0.01463,3,70.5,Identity reuse pattern,74.8,High,duplicate identity/CV reuse
APP-2026-0673,2026-07-06 08:33:04,Areeba Baloch,areebabaloch1425@yahoo.com,+923151000425,DEV-0108,IPH-0335,CVH-10425,Web Development,Shah Abdul Latif University,BBA,7,2028,Hyderabad,3.39,4.0,51,518,3,1,1,25,Multi-signal,2,2,5,4,2,0.5,0.5,2,2,1,1,0,0,1,98.2,-0.08722,3,70.5,Identity reuse pattern,91.4,Critical,duplicate identity/CV reuse; rapid or burst submission
APP-2026-0711,2026-07-06 09:31:00,Sara Rajput,sararajput10711@student.edu.pk,+923121009711,DEV-I0711,IPH-I0711,CVH-I00711,QA & Testing,University of Sindh,BS Software Engineering,8,2029,Khairpur,3.16,4.0,177,1098,7,0,1,40,Inconsistent,1,1,1,1,1,10080.0,10080.0,1,1,0,0,1,1,0,82.4,0.05545,0,53.9,Data inconsistency pattern,65.9,High,inconsistent application data
APP-2026-0422,2026-07-06 11:30:35,Laiba Mirza,laibamirza1421@yahoo.com,+923001000421,DEV-0174,IPH-0353,CVH-10421,Data Analytics,Shah Abdul Latif University,BS Information Technology,8,2026,Karachi,3.27,4.0,514,907,6,1,1,40,Normal,1,1,1,1,1,10080.0,10080.0,1,1,0,0,0,0,0,38.5,0.17312,1,1.0,Typical pattern,19.4,Normal,no material alert signal
APP-2026-0527,2026-07-06 11:35:30,Rayyan Shaikh,rayyanshaikh1526@outlook.com,+923211000526,DEV-0087,IPH-0136,CVH-10526,Data Analytics,Mehran UET,BS Software Engineering,6,2027,Karachi,2.97,4.0,430,1346,8,1,0,25,Normal,1,1,3,4,1,10080.0,10080.0,1,1,0,0,0,0,0,22.5,0.18562,1,1.0,Typical pattern,11.4,Normal,no material alert signal
APP-2026-0097,2026-07-06 12:11:18,Zain Qureshi,zainqureshi1096@student.edu.pk,+923231000096,DEV-0010,IPH-0171,CVH-10096,Web Development,Mehran UET,BS Computer Science,6,2027,Sukkur,2.82,4.0,333,825,6,0,1,40,Normal,1,1,2,1,1,10080.0,10080.0,1,1,0,0,0,0,0,23.1,0.18538,1,1.0,Typical pattern,11.8,Normal,no material alert signal
APP-2026-0257,2026-07-06 12:17:49,Noor Farooq,noorfarooq1256@student.edu.pk,+923341000256,DEV-0438,IPH-0238,CVH-10256,Business Intelligence,SZABIST,BS Computer Science,5,2028,Karachi,2.91,4.0,368,732,5,1,1,25,Normal,1,1,4,2,1,1362.5,10080.0,2,1,0,0,0,0,0,74.4,0.10709,1,1.0,Typical pattern,38.6,Normal,no material alert signal
APP-2026-0403,2026-07-06 13:33:32,Fahad Jatoi,fahadjatoi1402@gmail.com,+923331000402,DEV-0293,IPH-0317,CVH-10402,Business Intelligence,University of Karachi,BS Software Engineering,6,2028,Hyderabad,2.95,4.0,498,748,8,1,1,30,Normal,2,2,3,2,2,10080.0,10080.0,1,1,1,0,0,0,0,84.6,0.03935,3,70.5,Identity reuse pattern,71.6,High,duplicate identity/CV reuse
APP-2026-0305,2026-07-06 14:38:08,Dua Chandio,duachandio1304@outlook.com,+923051000304,DEV-0470,IPH-0196,CVH-10304,Cloud & DevOps,NED University,BS Information Technology,8,2026,Karachi,2.75,4.0,352,677,7,0,0,25,Normal,1,1,4,2,1,10080.0,3242.73,1,1,0,0,0,0,0,32.2,0.17699,1,1.0,Typical pattern,16.3,Normal,no material alert signal
APP-2026-0176,2026-07-06 14:47:00,Sajawal Chandio,sajawalchandio1175@outlook.com,+923051000175,DEV-0034,IPH-0015,CVH-10175,Cloud & DevOps,IBA Karachi,BS Information Technology,7,2027,Khairpur,3.42,4.0,605,891,4,1,1,25,Normal,1,1,2,3,1,10080.0,10080.0,1,1,0,0,0,0,0,9.3,0.19387,1,1.0,Typical pattern,4.9,Normal,no material alert signal
APP-2026-0229,2026-07-06 15:11:17,Zain Ahmed,zainahmed1228@gmail.com,+923151000228,DEV-0067,IPH-0195,CVH-10228,Business Intelligence,NED University,BS Software Engineering,7,2028,Hyderabad,2.42,4.0,310,861,7,1,1,20,Normal,1,1,5,3,1,10080.0,2428.18,1,1,0,0,0,0,0,61.5,0.14826,1,1.0,Typical pattern,31.0,Normal,no material alert signal
APP-2026-0115,2026-07-06 15:15:09,Huzaifa Rajput,huzaifarajput1114@yahoo.com,+923001000114,DEV-0528,IPH-0177,CVH-10114,UI/UX Design,SZABIST,BS Computer Science,8,2027,Sukkur,3.56,4.0,394,487,8,1,1,30,Normal,1,1,2,7,1,10080.0,10080.0,1,1,0,0,0,0,0,58.8,0.15307,1,1.0,Typical pattern,29.6,Normal,no material alert signal
APP-2026-0042,2026-07-06 15:57:50,Mahnoor Khan,mahnoorkhan1041@gmail.com,+923051000041,DEV-0489,IPH-0014,CVH-10041,Data Analytics,University of Sindh,BS Information Technology,7,2028,Hyderabad,2.57,4.0,511,1008,8,0,1,40,Normal,1,1,3,1,1,4640.38,10080.0,1,1,0,0,0,0,0,59.4,0.15144,1,1.0,Typical pattern,29.9,Normal,no material alert signal
APP-2026-0245,2026-07-06 17:05:13,Laiba Jatoi,laibajatoi1244@yahoo.com,+923011000244,DEV-0139,IPH-0409,CVH-10244,QA & Testing,NED University,BS Software Engineering,6,2027,Khairpur,2.85,4.0,555,1180,9,0,0,40,Normal,1,1,1,2,1,10080.0,4151.28,1,1,0,0,0,0,0,65.8,0.14081,1,1.0,Typical pattern,33.1,Normal,no material alert signal
APP-2026-0212,2026-07-06 17:19:33,Hamza Rind,hamzarind1211@outlook.com,+923321000211,DEV-0150,IPH-0316,CVH-10211,Business Intelligence,COMSATS University,BS Mathematics,5,2028,Karachi,3.09,4.0,335,944,7,1,0,30,Normal,1,1,3,2,1,10080.0,1143.77,1,2,0,0,0,0,0,70.8,0.12983,1,1.0,Typical pattern,35.6,Normal,no material alert signal
APP-2026-0365,2026-07-06 17:47:43,Waleed Rajput,waleedrajput1364@gmail.com,+923161000364,DEV-0380,IPH-0011,CVH-10364,Business Intelligence,Mehran UET,BBA,7,2028,Karachi,2.64,4.0,620,289,2,0,1,30,Normal,1,1,2,3,1,10080.0,10080.0,1,1,0,0,0,0,0,60.8,0.1497,1,1.0,Typical pattern,30.6,Normal,no material alert signal
APP-2026-0541,2026-07-06 18:11:29,Areeba Malik,areebamalik1540@gmail.com,+923221000540,DEV-0067,IPH-0090,CVH-10540,Web Development,Mehran UET,BS Computer Science,8,2026,Lahore,3.27,4.0,600,664,6,1,0,15,Normal,1,1,5,4,1,180.2,10080.0,2,1,0,0,0,0,0,84.7,0.03832,1,1.0,Typical pattern,43.8,Normal,no material alert signal
APP-2026-0054,2026-07-06 18:51:06,Mehak Khan,mehakkhan1053@gmail.com,+923111000053,DEV-0262,IPH-0426,CVH-10053,Web Development,Sukkur IBA University,BS Software Engineering,8,2026,Karachi,3.27,4.0,247,435,7,1,1,35,Normal,1,1,4,1,1,4633.63,10080.0,1,1,0,0,0,0,0,55.7,0.15803,1,1.0,Typical pattern,28.0,Normal,no material alert signal
APP-2026-0059,2026-07-06 19:24:24,Saad Farooq,saadfarooq1058@outlook.com,+923131000058,DEV-0075,IPH-0194,CVH-10058,Data Analytics,Mehran UET,BS Information Technology,8,2027,Peshawar,2.96,4.0,1159,798,7,1,0,25,Normal,1,1,1,1,1,10080.0,10080.0,1,1,0,0,0,0,0,42.8,0.16913,1,1.0,Typical pattern,21.6,Normal,no material alert signal
APP-2026-0584,2026-07-06 19:24:33,Hira Farooq,hirafarooq1583@yahoo.com,+923321000583,DEV-0187,IPH-0416,CVH-10583,Data Analytics,University of Sindh,BS Software Engineering,8,2026,Sukkur,3.55,4.0,244,308,4,1,1,20,Normal,1,1,4,1,1,10080.0,10080.0,1,1,0,0,0,0,0,51.1,0.16274,1,1.0,Typical pattern,25.8,Normal,no material alert signal
APP-2026-0107,2026-07-06 21:03:55,Farhan Abbasi,farhanabbasi1106@yahoo.com,+923311000106,DEV-0380,IPH-0224,CVH-10106,Data Analytics,COMSATS University,BS Software Engineering,7,2028,Peshawar,3.36,4.0,592,591,8,1,1,30,Normal,1,1,2,3,1,196.2,10080.0,2,1,0,0,0,0,0,79.0,0.08042,1,1.0,Typical pattern,40.9,Normal,no material alert signal
APP-2026-0596,2026-07-06 21:47:31,Fatima Farooq,fatimafarooq1595@gmail.com,+923121000595,DEV-0202,IPH-0338,CVH-10595,Data Analytics,NED University,BS Mathematics,7,2028,Karachi,2.34,4.0,412,499,9,1,1,40,Normal,1,1,2,2,1,10080.0,2760.42,1,1,0,0,0,0,0,49.0,0.16481,1,1.0,Typical pattern,24.7,Normal,no material alert signal
APP-2026-0561,2026-07-06 22:23:49,Noor Mirza,noormirza1560@gmail.com,+923171000560,DEV-0426,IPH-0056,CVH-10560,Cloud & DevOps,University of Karachi,BS Information Technology,7,2028,Hyderabad,3.0,4.0,362,1115,7,1,0,35,Normal,1,1,1,1,1,10080.0,10080.0,1,1,0,0,0,0,0,29.7,0.17908,1,1.0,Typical pattern,15.0,Normal,no material alert signal
APP-2026-0655,2026-07-06 23:06:32,Fahad Jatoi,fahadjatoi1402@gmail.com,+923331000402,DEV-0293,IPH-0317,CVH-10402,Business Intelligence,University of Karachi,BS Software Engineering,6,2028,Hyderabad,2.95,4.0,116,748,8,1,1,30,Duplicate,2,2,3,2,2,573.0,573.0,2,2,1,0,0,0,1,89.3,-0.00178,3,70.5,Identity reuse pattern,75.2,Critical,duplicate identity/CV reuse
APP-2026-0251,2026-07-07 08:49:42,Hira Ahmed,hiraahmed1250@yahoo.com,+923201000250,DEV-0077,IPH-0280,CVH-10250,Business Intelligence,IBA Karachi,BBA,7,2027,Peshawar,3.01,4.0,1284,796,9,0,1,20,Normal,1,1,1,3,1,10080.0,2464.55,1,1,0,0,0,0,0,69.6,0.13438,1,1.0,Typical pattern,35.0,Normal,no material alert signal
APP-2026-0465,2026-07-07 09:01:12,Aqsa Memon,aqsamemon1464@yahoo.com,+923311000464,DEV-0281,IPH-0118,CVH-10464,UI/UX Design,Mehran UET,BS Mathematics,7,2027,Karachi,3.17,4.0,855,951,10,1,1,30,Normal,2,2,5,2,2,10080.0,10080.0,1,1,1,0,0,0,1,89.7,-0.00686,3,70.5,Identity reuse pattern,74.2,High,duplicate identity/CV reuse
APP-2026-0674,2026-07-07 09:01:57,Aqsa Memon,aqsamemon1464@yahoo.com,+923311000464,DEV-0281,IPH-0118,CVH-10464,Data Analytics,Mehran UET,BS Mathematics,7,2027,Karachi,3.17,4.0,50,951,10,1,1,30,Multi-signal,2,2,5,2,2,0.75,0.75,2,2,1,1,0,0,1,98.3,-0.08884,3,70.5,Identity reuse pattern,91.4,Critical,duplicate identity/CV reuse; rapid or burst submission
APP-2026-0410,2026-07-07 11:29:48,Fahad Malik,fahadmalik1409@student.edu.pk,+923031000409,DEV-0130,IPH-0310,CVH-10409,Business Intelligence,SZABIST,BS Data Science,7,2027,Peshawar,3.1,4.0,397,646,7,1,1,20,Normal,1,1,2,6,1,10080.0,2889.82,1,1,0,0,0,0,0,52.4,0.16172,1,1.0,Typical pattern,26.4,Normal,no material alert signal
APP-2026-0314,2026-07-07 12:00:13,Aiman Memon,aimanmemon1313@yahoo.com,+923341000313,DEV-0111,IPH-0346,CVH-10313,Web Development,NED University,BBA,8,2026,Hyderabad,2.68,4.0,377,531,5,0,0,20,Normal,1,1,4,1,1,3769.18,10080.0,1,1,0,0,0,0,0,53.5,0.16008,1,1.0,Typical pattern,27.0,Normal,no material alert signal
APP-2026-0168,2026-07-07 12:52:44,Waleed Shaikh,waleedshaikh1167@outlook.com,+923341000167,DEV-0354,IPH-0425,CVH-10167,Cloud & DevOps,University of Sindh,BBA,6,2027,Nawabshah,3.22,4.0,250,820,4,0,1,15,Normal,1,1,1,3,1,10080.0,10080.0,1,1,0,0,0,0,0,38.3,0.1733,1,1.0,Typical pattern,19.3,Normal,no material alert signal
APP-2026-0693,2026-07-07 13:00:00,Iqra Soomro,iqrasoomro6693@yahoo.com,+923121005693,DEV-BURST-3,IPH-BURST-3,CVH-R00693,Web Development,IBA Karachi,BS Computer Science,8,2026,Nawabshah,2.67,4.0,44,329,4,0,1,20,Rapid Burst,1,1,6,6,1,10080.0,10080.0,1,1,0,1,0,0,0,82.2,0.05623,1,1.0,Typical pattern,53.1,Review,rapid or burst submission
APP-2026-0694,2026-07-07 13:00:46,Fahad Chandio,fahadchandio6694@outlook.com,+923111005694,DEV-BURST-3,IPH-BURST-3,CVH-R00694,Business Intelligence,Shah Abdul Latif University,BS Mathematics,6,2027,Peshawar,2.51,4.0,74,173,7,0,1,20,Rapid Burst,1,1,6,6,1,0.77,0.77,2,2,0,1,0,0,1,95.6,-0.05241,2,100.0,Rapid submission pattern,80.8,Critical,rapid or burst submission
APP-2026-0695,2026-07-07 13:01:40,Muneeb Narejo,muneebnarejo6695@outlook.com,+923001005695,DEV-BURST-3,IPH-BURST-3,CVH-R00695,Business Intelligence,FAST NUCES,BS Information Technology,6,2027,Khairpur,2.97,4.0,32,290,5,0,0,20,Rapid Burst,1,1,6,6,1,0.9,0.9,3,3,0,1,0,0,1,96.0,-0.05419,2,100.0,Rapid submission pattern,82.2,Critical,rapid or burst submission
APP-2026-0697,2026-07-07 13:03:00,Ali Shaikh,alishaikh6697@student.edu.pk,+923321005697,DEV-BURST-3,IPH-BURST-3,CVH-R00697,Data Analytics,IBA Karachi,BS Information Technology,7,2027,Karachi,3.18,4.0,74,81,5,0,1,25,Rapid Burst,1,1,6,6,1,1.33,1.33,4,4,0,1,1,1,1,99.9,-0.12055,2,100.0,Rapid submission pattern,99.2,Critical,rapid or burst submission; inconsistent application data
APP-2026-0696,2026-07-07 13:03:12,Ali Siddiqui,alisiddiqui6696@student.edu.pk,+923161005696,DEV-BURST-3,IPH-BURST-3,CVH-R00696,QA & Testing,University of Sindh,BS Mathematics,5,2028,Lahore,2.18,4.0,23,224,2,0,1,25,Rapid Burst,1,1,6,6,1,0.2,0.2,5,5,0,1,0,0,1,99.2,-0.10288,2,100.0,Rapid submission pattern,86.2,Critical,rapid or burst submission
APP-2026-0698,2026-07-07 13:03:20,Danish Narejo,danishnarejo6698@student.edu.pk,+923211005698,DEV-BURST-3,IPH-BURST-3,CVH-R00698,Data Analytics,SZABIST,BS Information Technology,8,2026,Islamabad,2.96,4.0,59,354,6,1,1,30,Rapid Burst,1,1,6,6,1,0.13,0.13,6,6,0,1,0,0,1,99.7,-0.10781,2,100.0,Rapid submission pattern,87.6,Critical,rapid or burst submission
APP-2026-0261,2026-07-07 14:03:07,Noor Ali,noorali1260@yahoo.com,+923041000260,DEV-0543,IPH-0003,CVH-10260,Web Development,Shah Abdul Latif University,BS Computer Science,5,2028,Hyderabad,3.68,4.0,381,604,6,1,1,20,Normal,1,1,3,4,1,7017.2,4414.23,1,1,0,0,0,0,0,37.5,0.17376,1,1.0,Typical pattern,19.0,Normal,no material alert signal
APP-2026-0371,2026-07-07 14:08:32,Shayan Malik,shayanmalik1370@outlook.com,+923041000370,DEV-0391,IPH-0155,CVH-10370,Web Development,University of Sindh,BS Information Technology,6,2027,Karachi,2.95,4.0,450,539,6,1,1,25,Normal,2,2,2,2,2,10080.0,10080.0,1,1,1,0,0,0,0,85.0,0.03475,3,70.5,Identity reuse pattern,71.8,High,duplicate identity/CV reuse
APP-2026-0450,2026-07-07 14:09:29,Mehak Jatoi,mehakjatoi1449@outlook.com,+923171000449,DEV-0254,IPH-0428,CVH-10449,UI/UX Design,COMSATS University,BS Information Technology,5,2029,Karachi,2.93,4.0,656,637,7,1,0,30,Normal,1,1,4,2,1,4069.35,10080.0,1,1,0,0,0,0,0,28.6,0.17956,1,1.0,Typical pattern,14.5,Normal,no material alert signal
APP-2026-0720,2026-07-07 14:17:00,Laiba Ansari,laibaansari10720@student.edu.pk,+923201009720,DEV-I0720,IPH-I0720,CVH-I00720,QA & Testing,IBA Karachi,BS Software Engineering,6,2028,Sukkur,2.26,4.0,320,67,8,0,1,80,Inconsistent,1,1,1,1,1,10080.0,10080.0,1,1,0,0,1,1,1,91.4,-0.0184,0,53.9,Data inconsistency pattern,70.4,High,inconsistent application data
APP-2026-0209,2026-07-07 14:27:54,Rabia Khan,rabiakhan1208@yahoo.com,+923331000208,DEV-0057,IPH-0184,CVH-10208,Business Intelligence,COMSATS University,BS Computer Science,8,2027,Hyderabad,3.24,4.0,407,953,9,0,1,20,Normal,1,1,1,2,1,10080.0,5810.43,1,1,0,0,0,0,0,31.9,0.17746,1,1.0,Typical pattern,16.2,Normal,no material alert signal
APP-2026-0599,2026-07-07 14:42:19,Ammar Siddiqui,ammarsiddiqui1598@yahoo.com,+923221000598,DEV-0009,IPH-0339,CVH-10598,Business Intelligence,NED University,BS Computer Science,7,2027,Karachi,3.82,4.0,215,389,14,1,1,30,Normal,1,1,2,1,1,10080.0,10080.0,1,1,0,0,0,0,0,68.8,0.1356,1,1.0,Typical pattern,34.6,Normal,no material alert signal
APP-2026-0607,2026-07-07 14:57:36,Hania Ansari,haniaansari1606@gmail.com,+923121000606,DEV-0459,IPH-0414,CVH-10606,Data Analytics,NED University,BS Information Technology,6,2028,Karachi,3.2,4.0,543,555,5,1,0,35,Normal,1,1,1,2,1,10080.0,10080.0,1,1,0,0,0,0,0,15.8,0.19022,1,1.0,Typical pattern,8.1,Normal,no material alert signal
APP-2026-0131,2026-07-07 15:35:08,Saad Memon,saadmemon1130@student.edu.pk,+923131000130,DEV-0365,IPH-0082,CVH-10130,QA & Testing,Shah Abdul Latif University,BBA,7,2027,Karachi,2.85,4.0,719,885,9,0,0,25,Normal,1,1,4,2,1,4506.25,7508.58,1,1,0,0,0,0,0,55.3,0.15862,1,1.0,Typical pattern,27.8,Normal,no material alert signal
APP-2026-0280,2026-07-07 15:37:56,Mahnoor Abbasi,mahnoorabbasi1279@yahoo.com,+923221000279,DEV-0135,IPH-0080,CVH-10279,Web Development,IBA Karachi,BS Mathematics,8,2027,Karachi,2.62,4.0,547,180,9,1,1,20,Normal,1,1,1,4,1,10080.0,7402.18,1,1,0,0,0,0,0,70.1,0.13194,1,1.0,Typical pattern,35.2,Normal,no material alert signal
APP-2026-0425,2026-07-07 15:47:45,Zara Ali,zaraali1424@gmail.com,+923321000424,DEV-0064,IPH-0131,CVH-10424,Business Intelligence,Shah Abdul Latif University,BS Data Science,7,2027,Islamabad,3.3,4.0,298,639,5,0,1,20,Normal,1,1,1,4,1,10080.0,2971.42,1,1,0,0,0,0,0,42.6,0.16924,1,1.0,Typical pattern,21.5,Normal,no material alert signal
APP-2026-0159,2026-07-07 16:54:39,Sana Farooq,sanafarooq1158@student.edu.pk,+923231000158,DEV-0444,IPH-0199,CVH-10158,Data Analytics,University of Karachi,BS Information Technology,8,2026,Multan,3.65,4.0,369,1179,6,1,1,20,Normal,1,1,1,3,1,10080.0,10080.0,1,1,0,0,0,0,0,19.6,0.1872,1,1.0,Typical pattern,10.0,Normal,no material alert signal
APP-2026-0540,2026-07-07 17:05:41,Komal Abbasi,komalabbasi1539@yahoo.com,+923171000539,DEV-0322,IPH-0232,CVH-10539,Business Intelligence,COMSATS University,BBA,7,2027,Khairpur,2.47,4.0,445,757,6,0,1,20,Normal,1,1,1,2,1,10080.0,3032.38,1,1,0,0,0,0,0,31.1,0.17807,1,1.0,Typical pattern,15.8,Normal,no material alert signal
APP-2026-0355,2026-07-07 17:33:55,Rida Shaikh,ridashaikh1354@yahoo.com,+923021000354,DEV-0105,IPH-0011,CVH-10354,Data Analytics,IBA Karachi,BBA,7,2027,Faisalabad,3.03,4.0,294,983,7,0,0,40,Normal,1,1,2,3,1,10080.0,1426.2,1,2,0,0,0,0,0,76.7,0.09688,1,1.0,Typical pattern,38.6,Normal,no material alert signal
APP-2026-0699,2026-07-07 19:00:00,Rida Ahmed,ridaahmed6699@yahoo.com,+923111005699,DEV-BURST-4,IPH-BURST-4,CVH-R00699,UI/UX Design,IBA Karachi,BS Computer Science,8,2026,Sukkur,3.37,4.0,56,92,3,0,1,25,Rapid Burst,1,1,6,6,1,10080.0,10080.0,1,1,0,1,1,1,1,94.2,-0.04264,0,53.9,Data inconsistency pattern,83.6,Critical,rapid or burst submission; inconsistent application data
APP-2026-0700,2026-07-07 19:01:00,Anaya Memon,anayamemon6700@gmail.com,+923311005700,DEV-BURST-4,IPH-BURST-4,CVH-R00700,Cloud & DevOps,University of Sindh,BBA,5,2028,Lahore,2.49,4.0,37,153,6,1,0,30,Rapid Burst,1,1,6,6,1,1.0,1.0,2,2,0,1,0,0,1,96.2,-0.05639,2,100.0,Rapid submission pattern,81.1,Critical,rapid or burst submission
APP-2026-0702,2026-07-07 19:01:15,Farhan Qureshi,farhanqureshi6702@yahoo.com,+923211005702,DEV-BURST-4,IPH-BURST-4,CVH-R00702,Business Intelligence,FAST NUCES,BBA,5,2028,Faisalabad,2.02,4.0,58,137,2,1,0,25,Rapid Burst,1,1,6,6,1,0.25,0.25,3,3,0,1,0,0,1,97.6,-0.07408,2,100.0,Rapid submission pattern,83.0,Critical,rapid or burst submission
APP-2026-0701,2026-07-07 19:01:56,Hania Memon,haniamemon6701@student.edu.pk,+923171005701,DEV-BURST-4,IPH-BURST-4,CVH-R00701,Web Development,Mehran UET,BS Computer Science,5,2028,Peshawar,2.32,4.0,35,170,7,1,1,40,Rapid Burst,1,1,6,6,1,0.68,0.68,4,4,0,1,0,0,1,98.6,-0.09231,2,100.0,Rapid submission pattern,84.7,Critical,rapid or burst submission
APP-2026-0704,2026-07-07 19:03:35,Noor Siddiqui,noorsiddiqui6704@gmail.com,+923001005704,DEV-BURST-4,IPH-BURST-4,CVH-R00704,Web Development,FAST NUCES,BBA,7,2027,Sukkur,2.96,4.0,41,325,2,0,0,20,Rapid Burst,1,1,6,6,1,1.65,1.65,5,5,0,1,0,0,1,98.9,-0.09676,2,100.0,Rapid submission pattern,86.1,Critical,rapid or burst submission
APP-2026-0703,2026-07-07 19:03:40,Zara Chandio,zarachandio6703@outlook.com,+923221005703,DEV-BURST-4,IPH-BURST-4,CVH-R00703,Web Development,Mehran UET,BS Computer Science,5,2028,Hyderabad,3.43,4.0,62,361,3,1,0,25,Rapid Burst,1,1,6,6,1,0.08,0.08,6,6,0,1,0,0,1,99.4,-0.10752,2,100.0,Rapid submission pattern,87.5,Critical,rapid or burst submission
APP-2026-0497,2026-07-07 19:13:04,Hassan Mirza,hassanmirza1496@student.edu.pk,+923051000496,DEV-0332,IPH-0108,CVH-10496,QA & Testing,FAST NUCES,BS Information Technology,6,2028,Sukkur,2.96,4.0,550,889,8,1,0,25,Normal,1,1,2,2,1,10080.0,10080.0,1,1,0,0,0,0,0,0.3,0.20792,1,1.0,Typical pattern,0.4,Normal,no material alert signal
APP-2026-0370,2026-07-07 19:40:40,Ahmed Jatoi,ahmedjatoi1369@outlook.com,+923321000369,DEV-0252,IPH-0111,CVH-10369,Data Analytics,University of Karachi,BS Information Technology,7,2027,Karachi,3.14,4.0,447,993,3,1,0,35,Normal,1,1,2,2,1,10080.0,10080.0,1,1,0,0,0,0,0,25.3,0.18221,1,1.0,Typical pattern,12.8,Normal,no material alert signal
APP-2026-0670,2026-07-07 19:49:32,Shayan Malik,shayanmalik1370@outlook.com,+923041000370,DEV-0391,IPH-0155,CVH-10370,Business Intelligence,University of Sindh,BS Information Technology,6,2027,Karachi,2.95,4.0,68,539,6,1,1,25,Duplicate,2,2,2,2,2,341.0,341.0,2,2,1,0,0,0,1,90.8,-0.01462,3,70.5,Identity reuse pattern,75.9,Critical,duplicate identity/CV reuse
APP-2026-0550,2026-07-07 20:33:49,Farhan Soomro,farhansoomro1549@gmail.com,+923051000549,DEV-0407,IPH-0306,CVH-10549,Data Analytics,University of Karachi,BS Information Technology,7,2027,Faisalabad,3.08,4.0,238,659,8,0,1,20,Normal,1,1,2,1,1,10080.0,10080.0,1,1,0,0,0,0,0,16.4,0.18992,1,1.0,Typical pattern,8.4,Normal,no material alert signal
APP-2026-0165,2026-07-07 22:00:08,Usman Abbasi,usmanabbasi1164@student.edu.pk,+923151000164,DEV-0159,IPH-0438,CVH-10164,Data Analytics,FAST NUCES,BS Computer Science,8,2026,Multan,3.35,4.0,598,708,8,1,1,40,Normal,1,1,1,3,1,10080.0,3458.97,1,1,0,0,0,0,0,54.6,0.15926,1,1.0,Typical pattern,27.5,Normal,no material alert signal
APP-2026-0529,2026-07-08 10:11:33,Usman Shaikh,usmanshaikh1528@gmail.com,+923131000528,DEV-0020,IPH-0349,CVH-10528,Business Intelligence,NED University,BS Data Science,6,2028,Hyderabad,2.82,4.0,631,533,7,1,1,30,Normal,1,1,3,3,1,10080.0,10080.0,1,1,0,0,0,0,0,5.7,0.19715,1,1.0,Typical pattern,3.1,Normal,no material alert signal
APP-2026-0715,2026-07-08 11:12:00,Taha Ansari,tahaansari10715@outlook.com,+923331009715,DEV-I0715,IPH-I0715,CVH-I00715,Cloud & DevOps,FAST NUCES,BBA,5,2028,Faisalabad,2.3,4.0,291,76,9,0,1,70,Inconsistent,1,1,1,1,1,10080.0,10080.0,1,1,0,0,1,1,1,90.7,-0.01418,0,53.9,Data inconsistency pattern,70.0,High,inconsistent application data
APP-2026-0032,2026-07-08 13:30:02,Rayyan Malik,rayyanmalik1031@student.edu.pk,+923211000031,DEV-0252,IPH-0093,CVH-10031,Business Intelligence,University of Karachi,BS Information Technology,7,2027,Khairpur,3.49,4.0,407,888,2,1,0,25,Normal,1,1,2,2,1,1069.37,5964.47,2,1,0,0,0,0,0,78.6,0.08135,1,1.0,Typical pattern,40.7,Normal,no material alert signal
APP-2026-0400,2026-07-08 13:41:46,Zara Chandio,zarachandio1399@yahoo.com,+923051000399,DEV-0087,IPH-0201,CVH-10399,Cloud & DevOps,FAST NUCES,BS Software Engineering,7,2028,Islamabad,3.3,4.0,378,460,11,1,1,25,Normal,1,1,3,2,1,3006.27,5518.87,1,1,0,0,0,0,0,57.8,0.15533,1,1.0,Typical pattern,29.1,Normal,no material alert signal
APP-2026-0074,2026-07-08 13:46:14,Rabia Rind,rabiarind1073@student.edu.pk,+923221000073,DEV-0180,IPH-0254,CVH-10073,Web Development,University of Karachi,BS Data Science,8,2026,Hyderabad,2.42,4.0,321,779,7,0,1,15,Normal,1,1,1,4,1,10080.0,3864.95,1,1,0,0,0,0,0,48.6,0.1649,1,1.0,Typical pattern,24.5,Normal,no material alert signal
APP-2026-0158,2026-07-08 14:45:17,Rabia Mirza,rabiamirza1157@outlook.com,+923171000157,DEV-0552,IPH-0308,CVH-10157,Data Analytics,Shah Abdul Latif University,BS Information Technology,5,2028,Hyderabad,2.27,4.0,475,569,14,0,0,20,Normal,1,1,2,5,1,10080.0,7354.3,1,1,0,0,0,0,0,71.7,0.12393,1,1.0,Typical pattern,36.1,Normal,no material alert signal
APP-2026-0284,2026-07-08 15:19:28,Areeba Qureshi,areebaqureshi1283@student.edu.pk,+923321000283,DEV-0363,IPH-0017,CVH-10283,Web Development,FAST NUCES,BS Data Science,5,2028,Faisalabad,2.78,4.0,172,370,8,0,0,30,Normal,1,1,1,3,1,10080.0,10080.0,1,1,0,0,0,0,0,45.8,0.16698,1,1.0,Typical pattern,23.1,Normal,no material alert signal
APP-2026-0366,2026-07-08 15:26:57,Rida Khan,ridakhan1365@outlook.com,+923151000365,DEV-0124,IPH-0035,CVH-10365,QA & Testing,Sukkur IBA University,BS Software Engineering,5,2028,Lahore,3.71,4.0,243,836,6,1,0,30,Normal,1,1,1,2,1,10080.0,10080.0,1,1,0,0,0,0,0,5.3,0.19736,1,1.0,Typical pattern,2.8,Normal,no material alert signal
APP-2026-0464,2026-07-08 17:46:07,Fahad Chandio,fahadchandio1463@yahoo.com,+923221000463,DEV-0218,IPH-0025,CVH-10463,QA & Testing,University of Karachi,BBA,6,2027,Khairpur,3.29,4.0,537,982,10,1,0,25,Normal,1,1,1,3,1,10080.0,9724.08,1,1,0,0,0,0,0,23.8,0.18485,1,1.0,Typical pattern,12.1,Normal,no material alert signal
APP-2026-0506,2026-07-08 17:47:04,Ahmed Rind,ahmedrind1505@student.edu.pk,+923041000505,DEV-0350,IPH-0041,CVH-10505,Data Analytics,Sukkur IBA University,BS Computer Science,7,2027,Nawabshah,3.53,4.0,601,662,8,1,1,20,Normal,1,1,1,3,1,10080.0,10080.0,1,1,0,0,0,0,0,11.0,0.19273,1,1.0,Typical pattern,5.7,Normal,no material alert signal
APP-2026-0609,2026-07-08 17:50:12,Rayyan Narejo,rayyannarejo1608@gmail.com,+923131000608,DEV-0508,IPH-0322,CVH-10608,Cloud & DevOps,COMSATS University,BS Mathematics,8,2026,Lahore,2.55,4.0,824,934,7,1,1,20,Normal,1,1,3,6,1,7317.12,8386.37,1,1,0,0,0,0,0,64.7,0.14328,1,1.0,Typical pattern,32.6,Normal,no material alert signal
APP-2026-0178,2026-07-08 18:04:59,Fahad Malik,fahadmalik1177@student.edu.pk,+923021000177,DEV-0055,IPH-0398,CVH-10177,Data Analytics,SZABIST,BBA,6,2027,Karachi,2.96,4.0,581,180,6,1,0,15,Normal,1,1,2,1,1,10080.0,10080.0,1,1,0,0,0,0,0,63.7,0.14489,1,1.0,Typical pattern,32.1,Normal,no material alert signal
APP-2026-0275,2026-07-08 18:40:44,Muneeb Memon,muneebmemon1274@student.edu.pk,+923041000274,DEV-0090,IPH-0332,CVH-10274,Cloud & DevOps,IBA Karachi,BS Data Science,7,2027,Sukkur,3.46,4.0,640,1223,7,0,1,20,Normal,1,1,3,1,1,10080.0,10080.0,1,1,0,0,0,0,0,36.1,0.17507,1,1.0,Typical pattern,18.2,Normal,no material alert signal
APP-2026-0164,2026-07-08 19:13:08,Muneeb Baloch,muneebbaloch1163@student.edu.pk,+923001000163,DEV-0497,IPH-0304,CVH-10163,Business Intelligence,Mehran UET,BS Data Science,5,2028,Hyderabad,2.49,4.0,504,702,5,1,0,40,Normal,1,1,3,2,1,10080.0,10080.0,1,1,0,0,0,0,0,17.4,0.18914,1,1.0,Typical pattern,8.9,Normal,no material alert signal
APP-2026-0167,2026-07-08 19:32:05,Iqra Soomro,iqrasoomro1166@gmail.com,+923161000166,DEV-0394,IPH-0017,CVH-10166,Web Development,Shah Abdul Latif University,BS Mathematics,7,2027,Hyderabad,2.47,4.0,393,1377,3,1,0,20,Normal,1,1,1,3,1,10080.0,252.62,1,2,0,0,0,0,0,79.6,0.07795,1,1.0,Typical pattern,40.0,Normal,no material alert signal
APP-2026-0031,2026-07-08 19:47:38,Ali Soomro,alisoomro1030@outlook.com,+923031000030,DEV-0096,IPH-0253,CVH-10030,Data Analytics,University of Karachi,BS Software Engineering,8,2026,Peshawar,2.87,4.0,472,661,4,1,1,30,Normal,1,1,1,2,1,10080.0,9049.23,1,1,0,0,0,0,0,19.4,0.18737,1,1.0,Typical pattern,9.9,Normal,no material alert signal
APP-2026-0627,2026-07-08 20:10:55,Hassan Chandio,hassanchandio1626@gmail.com,+923001000626,DEV-0340,IPH-0090,CVH-10626,Data Analytics,SZABIST,BS Software Engineering,8,2026,Hyderabad,2.82,4.0,490,961,6,1,0,20,Normal,1,1,2,4,1,10080.0,2999.43,1,1,0,0,0,0,0,34.9,0.17554,1,1.0,Typical pattern,17.6,Normal,no material alert signal
APP-2026-0267,2026-07-08 20:22:11,Mahnoor Baloch,mahnoorbaloch1266@yahoo.com,+923331000266,DEV-0552,IPH-0293,CVH-10266,Data Analytics,Sukkur IBA University,BS Computer Science,7,2027,Karachi,3.18,4.0,362,668,5,0,1,25,Normal,1,1,2,8,1,336.9,5394.85,2,1,0,0,0,0,0,85.7,0.02889,1,1.0,Typical pattern,44.3,Normal,no material alert signal
APP-2026-0489,2026-07-08 21:04:36,Fahad Shaikh,fahadshaikh1488@yahoo.com,+923161000488,DEV-0268,IPH-0152,CVH-10488,Data Analytics,Mehran UET,BS Information Technology,8,2026,Multan,3.19,4.0,777,668,4,0,1,30,Normal,1,1,4,2,1,10080.0,10080.0,1,1,0,0,0,0,0,41.1,0.17009,1,1.0,Typical pattern,20.8,Normal,no material alert signal
APP-2026-0277,2026-07-08 21:35:04,Farhan Qureshi,farhanqureshi1276@student.edu.pk,+923331000276,DEV-0140,IPH-0021,CVH-10276,Web Development,SZABIST,BS Software Engineering,8,2026,Islamabad,2.7,4.0,368,873,7,0,1,30,Normal,1,1,2,3,1,10080.0,10080.0,1,1,0,0,0,0,0,2.6,0.20004,1,1.0,Typical pattern,1.5,Normal,no material alert signal
APP-2026-0258,2026-07-08 21:48:44,Zain Soomro,zainsoomro1257@student.edu.pk,+923111000257,DEV-0534,IPH-0391,CVH-10257,Web Development,IBA Karachi,BS Computer Science,6,2027,Hyderabad,2.95,4.0,391,934,2,1,0,20,Normal,1,1,1,2,1,10080.0,10080.0,1,1,0,0,0,0,0,37.6,0.17373,1,1.0,Typical pattern,19.0,Normal,no material alert signal
APP-2026-0381,2026-07-08 22:44:49,Taha Malik,tahamalik1380@gmail.com,+923021000380,DEV-0298,IPH-0432,CVH-10380,QA & Testing,University of Karachi,BS Computer Science,7,2027,Karachi,3.21,4.0,473,435,4,0,0,40,Normal,2,2,5,5,2,7664.37,10080.0,1,1,1,0,0,0,1,91.1,-0.01726,3,70.5,Identity reuse pattern,74.8,High,duplicate identity/CV reuse
APP-2026-0658,2026-07-09 07:40:49,Taha Malik,tahamalik1380@gmail.com,+923021000380,DEV-0298,IPH-0432,CVH-10380,Cloud & DevOps,University of Karachi,BS Computer Science,7,2027,Karachi,3.21,4.0,71,435,4,0,0,40,Duplicate,2,2,5,5,2,536.0,536.0,2,2,1,0,0,0,1,94.6,-0.04514,3,70.5,Identity reuse pattern,77.8,Critical,duplicate identity/CV reuse
APP-2026-0087,2026-07-09 09:16:41,Sana Mirza,sanamirza1086@outlook.com,+923041000086,DEV-0188,IPH-0205,CVH-10086,Business Intelligence,IBA Karachi,BS Computer Science,8,2026,Hyderabad,3.14,4.0,366,531,4,1,0,35,Normal,1,1,2,1,1,10080.0,10080.0,1,1,0,0,0,0,0,15.0,0.19066,1,1.0,Typical pattern,7.7,Normal,no material alert signal
APP-2026-0093,2026-07-09 09:39:40,Ahmed Ahmed,ahmedahmed1092@outlook.com,+923011000092,DEV-0421,IPH-0124,CVH-10092,Business Intelligence,SZABIST,BBA,7,2028,Khairpur,2.61,4.0,448,837,9,1,1,15,Normal,1,1,2,2,1,10080.0,10080.0,1,1,0,0,0,0,0,13.5,0.19138,1,1.0,Typical pattern,7.0,Normal,no material alert signal
APP-2026-0162,2026-07-09 11:01:27,Saad Shaikh,saadshaikh1161@student.edu.pk,+923021000161,DEV-0492,IPH-0254,CVH-10161,Data Analytics,IBA Karachi,BS Software Engineering,8,2026,Hyderabad,3.43,4.0,458,543,8,1,1,25,Normal,1,1,6,4,1,10080.0,1275.22,1,2,0,0,0,0,0,79.4,0.07882,1,1.0,Typical pattern,39.9,Normal,no material alert signal
APP-2026-0221,2026-07-09 11:27:38,Waleed Shaikh,waleedshaikh1220@student.edu.pk,+923151000220,DEV-0486,IPH-0111,CVH-10220,UI/UX Design,IBA Karachi,BS Information Technology,8,2026,Hyderabad,2.64,4.0,224,719,3,1,0,40,Normal,1,1,2,2,1,10080.0,2386.97,1,1,0,0,0,0,0,64.3,0.14382,1,1.0,Typical pattern,32.4,Normal,no material alert signal
APP-2026-0433,2026-07-09 13:27:01,Bilal Mirza,bilalmirza1432@outlook.com,+923031000432,DEV-0130,IPH-0136,CVH-10432,Data Analytics,University of Sindh,BS Computer Science,5,2028,Karachi,3.06,4.0,387,710,8,1,1,40,Normal,1,1,2,4,1,2997.22,4431.52,1,1,0,0,0,0,0,68.6,0.13562,1,1.0,Typical pattern,34.5,Normal,no material alert signal
APP-2026-0197,2026-07-09 13:50:28,Usman Baloch,usmanbaloch1196@yahoo.com,+923111000196,DEV-0299,IPH-0122,CVH-10196,Cloud & DevOps,Sukkur IBA University,BS Computer Science,6,2027,Hyderabad,3.49,4.0,617,789,3,1,1,15,Normal,1,1,3,1,1,10080.0,10080.0,1,1,0,0,0,0,0,43.1,0.16885,1,1.0,Typical pattern,21.8,Normal,no material alert signal
APP-2026-0287,2026-07-09 14:35:18,Maryam Rind,maryamrind1286@outlook.com,+923201000286,DEV-0049,IPH-0237,CVH-10286,Web Development,University of Sindh,BS Information Technology,5,2028,Karachi,2.31,4.0,494,685,7,1,0,30,Normal,1,1,2,3,1,10080.0,10080.0,1,1,0,0,0,0,0,0.7,0.20679,1,1.0,Typical pattern,0.6,Normal,no material alert signal
APP-2026-0147,2026-07-09 14:39:20,Rida Rind,ridarind1146@yahoo.com,+923331000146,DEV-0240,IPH-0369,CVH-10146,Web Development,University of Sindh,BS Software Engineering,5,2028,Peshawar,3.08,4.0,309,594,3,0,1,30,Normal,1,1,4,3,1,10080.0,9833.7,1,1,0,0,0,0,0,49.3,0.16467,1,1.0,Typical pattern,24.8,Normal,no material alert signal
APP-2026-0577,2026-07-09 14:49:46,Mehak Memon,mehakmemon1576@gmail.com,+923321000576,DEV-0167,IPH-0153,CVH-10576,Data Analytics,Shah Abdul Latif University,BS Data Science,7,2027,Nawabshah,2.76,4.0,204,501,5,1,0,25,Normal,1,1,3,2,1,10080.0,8629.32,1,1,0,0,0,0,0,8.2,0.19498,1,1.0,Typical pattern,4.3,Normal,no material alert signal
APP-2026-0575,2026-07-09 15:03:25,Ahmed Malik,ahmedmalik1574@gmail.com,+923221000574,DEV-0298,IPH-0067,CVH-10574,Business Intelligence,COMSATS University,BS Computer Science,8,2026,Islamabad,2.59,4.0,294,724,9,1,1,30,Normal,1,1,5,3,1,442.6,10080.0,3,1,0,0,0,0,0,81.9,0.058,1,1.0,Typical pattern,43.6,Normal,no material alert signal
APP-2026-0022,2026-07-09 15:25:08,Aiman Ali,aimanali1021@yahoo.com,+923201000021,DEV-0329,IPH-0293,CVH-10021,Business Intelligence,Mehran UET,BS Software Engineering,7,2027,Sukkur,2.88,4.0,245,721,12,1,0,35,Normal,1,1,2,8,1,10080.0,1142.95,1,2,0,0,0,0,0,83.6,0.04872,1,1.0,Typical pattern,42.0,Normal,no material alert signal
APP-2026-0144,2026-07-09 16:21:56,Fatima Malik,fatimamalik1143@outlook.com,+923171000143,DEV-0483,IPH-0268,CVH-10143,Business Intelligence,COMSATS University,BS Data Science,8,2026,Lahore,2.74,4.0,371,786,5,1,1,20,Normal,1,1,2,1,1,10080.0,10080.0,1,1,0,0,0,0,0,4.0,0.19865,1,1.0,Typical pattern,2.2,Normal,no material alert signal
APP-2026-0605,2026-07-09 16:29:43,Hira Siddiqui,hirasiddiqui1604@yahoo.com,+923311000604,DEV-0229,IPH-0257,CVH-10604,Business Intelligence,University of Sindh,BS Computer Science,5,2029,Karachi,2.17,4.0,320,891,9,1,0,40,Normal,1,1,3,5,1,10080.0,10080.0,1,1,0,0,0,0,0,51.7,0.16221,1,1.0,Typical pattern,26.0,Normal,no material alert signal
APP-2026-0518,2026-07-09 17:10:58,Zara Chandio,zarachandio1517@yahoo.com,+923121000517,DEV-0301,IPH-0322,CVH-10517,Data Analytics,IBA Karachi,BS Computer Science,8,2026,Peshawar,2.48,4.0,787,947,6,0,0,40,Normal,1,1,1,6,1,10080.0,1400.77,1,2,0,0,0,0,0,82.5,0.05194,1,1.0,Typical pattern,41.4,Normal,no material alert signal
APP-2026-0095,2026-07-09 17:15:22,Saad Mirza,saadmirza1094@gmail.com,+923171000094,DEV-0187,IPH-0323,CVH-10094,Web Development,University of Karachi,BS Mathematics,8,2026,Karachi,3.19,4.0,736,872,7,1,1,20,Normal,1,1,4,3,1,4190.82,10080.0,1,1,0,0,0,0,0,50.6,0.16324,1,1.0,Typical pattern,25.5,Normal,no material alert signal
APP-2026-0341,2026-07-09 17:19:39,Farhan Chandio,farhanchandio1340@student.edu.pk,+923151000340,DEV-0403,IPH-0174,CVH-10340,Cloud & DevOps,NED University,BS Computer Science,8,2026,Nawabshah,3.92,4.0,227,1021,3,0,1,40,Normal,1,1,3,2,1,10080.0,10080.0,1,1,0,0,0,0,0,54.3,0.15956,1,1.0,Typical pattern,27.4,Normal,no material alert signal
APP-2026-0103,2026-07-09 18:02:06,Farhan Iqbal,farhaniqbal1102@outlook.com,+923171000102,DEV-0111,IPH-0446,CVH-10102,Business Intelligence,NED University,BS Software Engineering,8,2026,Karachi,2.97,4.0,574,876,12,1,0,20,Normal,1,1,4,1,1,3241.88,10080.0,1,1,0,0,0,0,0,68.1,0.13601,1,1.0,Typical pattern,34.2,Normal,no material alert signal
APP-2026-0358,2026-07-09 19:05:39,Usman Memon,usmanmemon1357@gmail.com,+923051000357,DEV-0009,IPH-0379,CVH-10357,Cloud & DevOps,COMSATS University,BBA,6,2028,Hyderabad,3.4,4.0,616,618,4,1,0,40,Normal,1,1,2,2,1,3143.33,10080.0,1,1,0,0,0,0,0,53.6,0.16,1,1.0,Typical pattern,27.0,Normal,no material alert signal
APP-2026-0207,2026-07-09 19:16:51,Anaya Ansari,anayaansari1206@gmail.com,+923131000206,DEV-0514,IPH-0286,CVH-10206,Web Development,FAST NUCES,BS Information Technology,6,2027,Lahore,2.32,4.0,311,760,6,0,0,20,Normal,2,2,5,3,2,10080.0,10080.0,1,1,1,0,0,0,0,88.5,0.0026,3,70.5,Identity reuse pattern,73.6,High,duplicate identity/CV reuse
APP-2026-0676,2026-07-09 19:17:57,Anaya Ansari,anayaansari1206@gmail.com,+923131000206,DEV-0514,IPH-0286,CVH-10206,Web Development,FAST NUCES,BS Information Technology,6,2027,Lahore,2.32,4.0,98,760,6,0,0,20,Multi-signal,2,2,5,3,2,1.1,1.1,2,2,1,1,0,0,1,97.4,-0.06878,3,70.5,Identity reuse pattern,91.0,Critical,duplicate identity/CV reuse; rapid or burst submission
APP-2026-0547,2026-07-09 20:37:00,Danish Shaikh,danishshaikh1546@yahoo.com,+923021000546,DEV-0339,IPH-0066,CVH-10546,Cloud & DevOps,Shah Abdul Latif University,BS Software Engineering,8,2026,Faisalabad,2.85,4.0,277,374,5,1,1,20,Normal,1,1,2,3,1,7921.6,10080.0,1,1,0,0,0,0,0,31.4,0.17801,1,1.0,Typical pattern,15.9,Normal,no material alert signal
APP-2026-0091,2026-07-09 22:48:13,Laiba Khan,laibakhan1090@yahoo.com,+923031000090,DEV-0063,IPH-0234,CVH-10090,Web Development,IBA Karachi,BS Data Science,8,2026,Nawabshah,3.77,4.0,404,847,3,1,1,20,Normal,1,1,5,3,1,10080.0,10080.0,1,1,0,0,0,0,0,55.6,0.15806,1,1.0,Typical pattern,28.0,Normal,no material alert signal
APP-2026-0568,2026-07-09 23:14:39,Muneeb Iqbal,muneebiqbal1567@outlook.com,+923211000567,DEV-0150,IPH-0088,CVH-10567,Data Analytics,Sukkur IBA University,BS Mathematics,8,2026,Khairpur,3.13,4.0,348,762,10,1,0,20,Normal,1,1,3,2,1,4675.1,7680.15,1,1,0,0,0,0,0,29.9,0.17898,1,1.0,Typical pattern,15.2,Normal,no material alert signal
APP-2026-0099,2026-07-09 23:17:09,Ammar Shaikh,ammarshaikh1098@yahoo.com,+923001000098,DEV-0041,IPH-0328,CVH-10098,Data Analytics,SZABIST,BS Software Engineering,6,2027,Islamabad,3.26,4.0,257,699,10,1,1,15,Normal,1,1,4,1,1,7949.78,10080.0,1,1,0,0,0,0,0,56.2,0.15729,1,1.0,Typical pattern,28.3,Normal,no material alert signal
APP-2026-0346,2026-07-10 09:33:26,Ali Abbasi,aliabbasi1345@outlook.com,+923051000345,DEV-0381,IPH-0152,CVH-10345,Cloud & DevOps,COMSATS University,BS Computer Science,6,2028,Karachi,3.07,4.0,472,625,9,1,1,30,Normal,1,1,2,2,1,10080.0,2188.83,1,1,0,0,0,0,0,25.7,0.18159,1,1.0,Typical pattern,13.0,Normal,no material alert signal
APP-2026-0515,2026-07-10 10:03:05,Sara Farooq,sarafarooq1514@yahoo.com,+923221000514,DEV-0213,IPH-0227,CVH-10514,Data Analytics,Mehran UET,BS Software Engineering,7,2027,Khairpur,3.32,4.0,316,516,9,1,1,15,Normal,1,1,1,1,1,10080.0,10080.0,1,1,0,0,0,0,0,30.4,0.17849,1,1.0,Typical pattern,15.4,Normal,no material alert signal
APP-2026-0378,2026-07-10 12:12:47,Hira Memon,hiramemon1377@yahoo.com,+923151000377,DEV-0223,IPH-0041,CVH-10377,Business Intelligence,University of Karachi,BBA,7,2027,Lahore,3.32,4.0,538,180,6,1,0,25,Normal,1,1,2,3,1,10080.0,2545.72,1,1,0,0,0,0,0,64.0,0.14426,1,1.0,Typical pattern,32.2,Normal,no material alert signal
APP-2026-0448,2026-07-10 12:28:47,Fahad Shaikh,fahadshaikh1447@student.edu.pk,+923011000447,DEV-0275,IPH-0218,CVH-10447,Web Development,IBA Karachi,BS Software Engineering,8,2026,Faisalabad,3.08,4.0,705,847,6,0,0,20,Normal,1,1,1,1,1,10080.0,10080.0,1,1,0,0,0,0,0,28.2,0.17975,1,1.0,Typical pattern,14.3,Normal,no material alert signal
APP-2026-0053,2026-07-10 12:40:53,Noor Shaikh,noorshaikh1052@gmail.com,+923021000052,DEV-0365,IPH-0387,CVH-10052,Business Intelligence,NED University,BS Information Technology,7,2027,Karachi,3.23,4.0,1144,791,6,1,0,25,Normal,1,1,4,1,1,4145.75,10080.0,1,1,0,0,0,0,0,60.1,0.15065,1,1.0,Typical pattern,30.2,Normal,no material alert signal
APP-2026-0018,2026-07-10 13:26:30,Hira Malik,hiramalik1017@gmail.com,+923321000017,DEV-0383,IPH-0128,CVH-10017,QA & Testing,Shah Abdul Latif University,BBA,5,2029,Peshawar,2.08,4.0,304,753,3,1,1,15,Normal,1,1,1,1,1,10080.0,10080.0,1,1,0,0,0,0,0,42.5,0.16924,1,1.0,Typical pattern,21.4,Normal,no material alert signal
APP-2026-0357,2026-07-10 14:34:35,Bilal Iqbal,bilaliqbal1356@gmail.com,+923221000356,DEV-0234,IPH-0028,CVH-10356,Web Development,COMSATS University,BS Data Science,7,2027,Islamabad,3.77,4.0,229,472,11,1,0,25,Normal,1,1,1,4,1,10080.0,7204.6,1,1,0,0,0,0,0,51.8,0.16209,1,1.0,Typical pattern,26.1,Normal,no material alert signal
APP-2026-0532,2026-07-10 14:38:47,Rabia Narejo,rabianarejo1531@outlook.com,+923201000531,DEV-0296,IPH-0364,CVH-10531,Web Development,University of Karachi,BS Software Engineering,6,2027,Multan,2.74,4.0,323,455,8,1,1,20,Normal,1,1,2,2,1,7023.42,10080.0,1,1,0,0,0,0,0,13.2,0.19153,1,1.0,Typical pattern,6.8,Normal,no material alert signal
APP-2026-0632,2026-07-10 15:43:15,Zara Baloch,zarabaloch1631@outlook.com,+923051000631,DEV-0347,IPH-0392,CVH-10631,Data Analytics,University of Sindh,BS Software Engineering,5,2028,Khairpur,2.77,4.0,434,537,5,0,0,15,Normal,1,1,1,2,1,10080.0,10080.0,1,1,0,0,0,0,0,25.8,0.18156,1,1.0,Typical pattern,13.1,Normal,no material alert signal
APP-2026-0154,2026-07-10 15:57:40,Huzaifa Ansari,huzaifaansari1153@outlook.com,+923331000153,DEV-0432,IPH-0002,CVH-10153,Data Analytics,Mehran UET,BS Information Technology,7,2027,Karachi,3.33,4.0,830,812,8,0,0,20,Normal,1,1,2,1,1,10080.0,10080.0,1,1,0,0,0,0,0,29.6,0.1792,1,1.0,Typical pattern,15.0,Normal,no material alert signal
APP-2026-0088,2026-07-10 16:01:14,Waleed Farooq,waleedfarooq1087@student.edu.pk,+923341000087,DEV-0413,IPH-0020,CVH-10087,Web Development,Sukkur IBA University,BS Computer Science,8,2027,Karachi,2.83,4.0,217,989,4,1,0,25,Normal,1,1,2,3,1,10080.0,10080.0,1,1,0,0,0,0,0,13.8,0.19116,1,1.0,Typical pattern,7.1,Normal,no material alert signal
APP-2026-0582,2026-07-10 16:36:57,Rayyan Chandio,rayyanchandio1581@student.edu.pk,+923221000581,DEV-0321,IPH-0138,CVH-10581,UI/UX Design,FAST NUCES,BS Mathematics,5,2029,Karachi,3.93,4.0,597,915,4,1,0,25,Normal,1,1,3,2,1,10080.0,10080.0,1,1,0,0,0,0,0,4.2,0.19847,1,1.0,Typical pattern,2.3,Normal,no material alert signal
APP-2026-0006,2026-07-10 16:37:05,Zain Abbasi,zainabbasi1005@gmail.com,+923151000005,DEV-0106,IPH-0149,CVH-10005,Data Analytics,COMSATS University,BS Information Technology,7,2027,Nawabshah,3.14,4.0,307,497,6,0,1,15,Normal,1,1,4,1,1,10080.0,10080.0,1,1,0,0,0,0,0,48.5,0.16494,1,1.0,Typical pattern,24.4,Normal,no material alert signal
APP-2026-0083,2026-07-10 17:26:14,Mahnoor Ali,mahnoorali1082@student.edu.pk,+923151000082,DEV-0348,IPH-0271,CVH-10082,Business Intelligence,University of Sindh,BS Data Science,8,2026,Karachi,3.48,4.0,204,828,6,0,0,15,Normal,1,1,3,1,1,7372.93,10080.0,1,1,0,0,0,0,0,51.4,0.16239,1,1.0,Typical pattern,25.9,Normal,no material alert signal
APP-2026-0496,2026-07-10 17:54:37,Hamza Siddiqui,hamzasiddiqui1495@yahoo.com,+923221000495,DEV-0429,IPH-0041,CVH-10495,QA & Testing,Sukkur IBA University,BS Computer Science,7,2027,Hyderabad,2.77,4.0,195,484,4,1,1,20,Normal,1,1,2,3,1,10080.0,341.83,1,2,0,0,0,0,0,76.8,0.09497,1,1.0,Typical pattern,38.6,Normal,no material alert signal
APP-2026-0129,2026-07-10 18:53:26,Hania Memon,haniamemon1128@yahoo.com,+923111000128,DEV-0244,IPH-0106,CVH-10128,Business Intelligence,NED University,BS Computer Science,8,2026,Khairpur,2.56,4.0,259,847,7,1,1,30,Normal,1,1,1,4,1,10080.0,10080.0,1,1,0,0,0,0,0,15.1,0.19055,1,1.0,Typical pattern,7.8,Normal,no material alert signal
APP-2026-0333,2026-07-10 20:19:24,Laiba Chandio,laibachandio1332@gmail.com,+923051000332,DEV-0067,IPH-0228,CVH-10332,Business Intelligence,University of Karachi,BS Information Technology,7,2027,Lahore,2.58,4.0,309,511,7,0,0,20,Normal,1,1,5,2,1,5887.92,10080.0,1,1,0,0,0,0,0,56.0,0.15745,1,1.0,Typical pattern,28.2,Normal,no material alert signal
APP-2026-0360,2026-07-10 21:57:32,Saad Ahmed,saadahmed1359@outlook.com,+923311000359,DEV-0126,IPH-0294,CVH-10359,Web Development,Shah Abdul Latif University,BS Software Engineering,8,2026,Sukkur,3.17,4.0,460,1040,5,1,0,25,Normal,1,1,4,2,1,10080.0,10080.0,1,1,0,0,0,0,0,14.4,0.19098,1,1.0,Typical pattern,7.4,Normal,no material alert signal
APP-2026-0140,2026-07-10 22:08:18,Laiba Iqbal,laibaiqbal1139@gmail.com,+923151000139,DEV-0233,IPH-0240,CVH-10139,Business Intelligence,Sukkur IBA University,BS Software Engineering,8,2026,Lahore,2.81,4.0,508,796,6,1,1,15,Normal,1,1,3,1,1,10080.0,10080.0,1,1,0,0,0,0,0,20.8,0.18675,1,1.0,Typical pattern,10.6,Normal,no material alert signal
APP-2026-0624,2026-07-10 23:44:06,Ali Iqbal,aliiqbal1623@yahoo.com,+923151000623,DEV-0357,IPH-0096,CVH-10623,Data Analytics,SZABIST,BS Data Science,7,2027,Multan,2.45,4.0,325,644,11,0,0,35,Normal,1,1,2,2,1,10080.0,10080.0,1,1,0,0,0,0,0,26.2,0.18116,1,1.0,Typical pattern,13.3,Normal,no material alert signal
APP-2026-0591,2026-07-11 08:24:58,Zain Rajput,zainrajput1590@outlook.com,+923221000590,DEV-0187,IPH-0355,CVH-10590,QA & Testing,IBA Karachi,BS Information Technology,7,2027,Sukkur,2.53,4.0,421,419,9,1,0,25,Normal,1,1,4,2,1,2349.6,10080.0,1,1,0,0,0,0,0,53.3,0.16049,1,1.0,Typical pattern,26.8,Normal,no material alert signal
APP-2026-0625,2026-07-11 10:35:49,Rayyan Rajput,rayyanrajput1624@student.edu.pk,+923341000624,DEV-0559,IPH-0150,CVH-10624,Business Intelligence,SZABIST,BS Software Engineering,5,2028,Lahore,2.64,4.0,233,803,4,0,1,20,Normal,1,1,2,2,1,10080.0,10080.0,1,1,0,0,0,0,0,16.9,0.18942,1,1.0,Typical pattern,8.6,Normal,no material alert signal
APP-2026-0051,2026-07-11 11:10:02,Sajawal Ahmed,sajawalahmed1050@gmail.com,+923131000050,DEV-0514,IPH-0177,CVH-10050,UI/UX Design,Sukkur IBA University,BS Computer Science,8,2026,Faisalabad,2.81,4.0,216,435,8,1,0,40,Normal,2,2,5,7,2,2392.08,6954.88,1,1,1,0,0,0,1,92.8,-0.02747,3,70.5,Identity reuse pattern,75.7,Critical,duplicate identity/CV reuse
APP-2026-0320,2026-07-11 11:49:12,Taha Mirza,tahamirza1319@outlook.com,+923341000319,DEV-0268,IPH-0248,CVH-10319,Business Intelligence,University of Karachi,BS Mathematics,7,2027,Karachi,2.9,4.0,714,710,8,0,0,25,Normal,1,1,4,2,1,3764.6,10080.0,1,1,0,0,0,0,0,47.4,0.16607,1,1.0,Typical pattern,23.9,Normal,no material alert signal
APP-2026-0317,2026-07-11 12:00:00,Sara Iqbal,saraiqbal1316@student.edu.pk,+923311000316,DEV-0204,IPH-0159,CVH-10316,Web Development,NED University,BBA,7,2027,Sukkur,2.8,4.0,278,784,10,1,1,25,Normal,1,1,1,2,1,10080.0,10080.0,1,1,0,0,0,0,0,10.4,0.19312,1,1.0,Typical pattern,5.4,Normal,no material alert signal
APP-2026-0108,2026-07-11 12:08:54,Iqra Narejo,iqranarejo1107@student.edu.pk,+923121000107,DEV-0432,IPH-0282,CVH-10107,UI/UX Design,University of Karachi,BS Information Technology,6,2027,Faisalabad,3.61,4.0,533,502,7,0,1,20,Normal,1,1,2,2,1,1211.23,10080.0,2,1,0,0,0,0,0,76.5,0.09692,1,1.0,Typical pattern,39.7,Normal,no material alert signal
APP-2026-0436,2026-07-11 12:14:06,Rayyan Rind,rayyanrind1435@student.edu.pk,+923001000435,DEV-0199,IPH-0414,CVH-10435,Data Analytics,University of Karachi,BS Information Technology,6,2028,Lahore,2.31,4.0,367,845,8,1,1,30,Normal,1,1,2,2,1,10080.0,5596.5,1,1,0,0,0,0,0,5.8,0.1971,1,1.0,Typical pattern,3.1,Normal,no material alert signal
APP-2026-0092,2026-07-11 12:16:54,Nimra Ali,nimraali1091@outlook.com,+923011000091,DEV-0338,IPH-0012,CVH-10091,Data Analytics,Mehran UET,BS Computer Science,6,2027,Peshawar,2.67,4.0,581,697,12,0,0,30,Normal,1,1,1,1,1,10080.0,10080.0,1,1,0,0,0,0,0,47.6,0.16575,1,1.0,Typical pattern,24.0,Normal,no material alert signal
APP-2026-0413,2026-07-11 12:45:24,Usman Qureshi,usmanqureshi1412@student.edu.pk,+923321000412,DEV-0306,IPH-0126,CVH-10412,UI/UX Design,FAST NUCES,BS Information Technology,8,2027,Sukkur,3.27,4.0,360,1219,6,0,1,40,Normal,1,1,1,1,1,10080.0,10080.0,1,1,0,0,0,0,0,43.9,0.16841,1,1.0,Typical pattern,22.2,Normal,no material alert signal
APP-2026-0500,2026-07-11 12:50:22,Anaya Narejo,anayanarejo1499@gmail.com,+923031000499,DEV-0337,IPH-0119,CVH-10499,Business Intelligence,FAST NUCES,BS Software Engineering,8,2026,Islamabad,3.69,4.0,325,886,7,1,1,35,Normal,1,1,3,1,1,10080.0,10080.0,1,1,0,0,0,0,0,10.7,0.19301,1,1.0,Typical pattern,5.6,Normal,no material alert signal
APP-2026-0219,2026-07-11 13:00:31,Anaya Ahmed,anayaahmed1218@outlook.com,+923331000218,DEV-0281,IPH-0057,CVH-10218,Business Intelligence,COMSATS University,BS Computer Science,6,2027,Islamabad,2.36,4.0,157,1049,6,1,1,30,Normal,1,1,5,2,1,5998.57,10080.0,1,1,0,0,0,0,0,63.6,0.14496,1,1.0,Typical pattern,32.0,Normal,no material alert signal
APP-2026-0345,2026-07-11 13:36:39,Farhan Baloch,farhanbaloch1344@gmail.com,+923171000344,DEV-0446,IPH-0150,CVH-10344,Business Intelligence,NED University,BS Mathematics,8,2026,Hyderabad,3.52,4.0,288,250,10,0,1,30,Normal,1,1,2,2,1,10080.0,180.83,1,2,0,0,0,0,0,81.0,0.06742,1,1.0,Typical pattern,40.7,Normal,no material alert signal
APP-2026-0175,2026-07-11 13:51:31,Komal Soomro,komalsoomro1174@outlook.com,+923341000174,DEV-0342,IPH-0069,CVH-10174,Web Development,SZABIST,BS Mathematics,8,2026,Islamabad,3.13,4.0,440,1247,5,1,0,25,Normal,1,1,2,2,1,10080.0,10080.0,1,1,0,0,0,0,0,2.1,0.20065,1,1.0,Typical pattern,1.2,Normal,no material alert signal
APP-2026-0565,2026-07-11 14:25:33,Nimra Abbasi,nimraabbasi1564@yahoo.com,+923151000564,DEV-0368,IPH-0176,CVH-10564,QA & Testing,Mehran UET,BS Software Engineering,8,2027,Faisalabad,2.31,4.0,271,472,9,1,0,20,Normal,1,1,4,2,1,10080.0,10080.0,1,1,0,0,0,0,0,23.5,0.1851,1,1.0,Typical pattern,12.0,Normal,no material alert signal
APP-2026-0480,2026-07-11 14:53:27,Fahad Ahmed,fahadahmed1479@student.edu.pk,+923011000479,DEV-0430,IPH-0216,CVH-10479,Data Analytics,NED University,BS Data Science,7,2027,Hyderabad,2.97,4.0,260,562,5,0,0,20,Normal,1,1,2,2,1,10080.0,10080.0,1,1,0,0,0,0,0,9.0,0.19396,1,1.0,Typical pattern,4.7,Normal,no material alert signal
APP-2026-0111,2026-07-11 15:00:52,Aqsa Shaikh,aqsashaikh1110@student.edu.pk,+923231000110,DEV-0357,IPH-0402,CVH-10110,Cloud & DevOps,SZABIST,BS Information Technology,7,2027,Hyderabad,3.28,4.0,277,330,8,1,0,20,Normal,1,1,2,2,1,916.77,10080.0,2,1,0,0,0,0,0,76.4,0.09737,1,1.0,Typical pattern,39.6,Normal,no material alert signal
APP-2026-0169,2026-07-11 15:05:39,Fahad Rind,fahadrind1168@yahoo.com,+923021000168,DEV-0554,IPH-0235,CVH-10168,Data Analytics,FAST NUCES,BS Computer Science,5,2028,Karachi,2.5,4.0,291,733,6,1,1,15,Normal,2,2,2,5,2,10080.0,10080.0,1,1,1,0,0,0,0,87.2,0.01457,3,70.5,Identity reuse pattern,72.9,High,duplicate identity/CV reuse
APP-2026-0401,2026-07-11 15:25:28,Komal Malik,komalmalik1400@outlook.com,+923311000400,DEV-0137,IPH-0108,CVH-10400,Data Analytics,NED University,BS Software Engineering,7,2028,Multan,3.14,4.0,347,961,14,0,0,30,Normal,1,1,2,2,1,10080.0,5532.4,1,1,0,0,0,0,0,68.3,0.13579,1,1.0,Typical pattern,34.4,Normal,no material alert signal
APP-2026-0687,2026-07-11 16:00:00,Aqsa Khan,aqsakhan6687@student.edu.pk,+923031005687,DEV-BURST-2,IPH-BURST-2,CVH-R00687,UI/UX Design,SZABIST,BS Mathematics,5,2028,Khairpur,3.41,4.0,29,104,5,1,1,30,Rapid Burst,1,1,6,6,1,10080.0,10080.0,1,1,0,1,0,0,0,86.1,0.0266,1,1.0,Typical pattern,55.0,Review,rapid or burst submission
APP-2026-0688,2026-07-11 16:00:32,Waleed Shaikh,waleedshaikh6688@gmail.com,+923331005688,DEV-BURST-2,IPH-BURST-2,CVH-R00688,Business Intelligence,University of Karachi,BS Data Science,6,2027,Khairpur,2.77,4.0,45,86,5,1,1,25,Rapid Burst,1,1,6,6,1,0.53,0.53,2,2,0,1,1,1,1,99.3,-0.10584,2,100.0,Rapid submission pattern,96.6,Critical,rapid or burst submission; inconsistent application data
APP-2026-0689,2026-07-11 16:01:04,Bilal Khan,bilalkhan6689@outlook.com,+923231005689,DEV-BURST-2,IPH-BURST-2,CVH-R00689,Data Analytics,Shah Abdul Latif University,BS Computer Science,8,2026,Islamabad,3.56,4.0,67,379,3,0,0,20,Rapid Burst,1,1,6,6,1,0.53,0.53,3,3,0,1,0,0,1,96.5,-0.05854,2,100.0,Rapid submission pattern,82.4,Critical,rapid or burst submission
APP-2026-0692,2026-07-11 16:01:55,Dua Iqbal,duaiqbal6692@yahoo.com,+923041005692,DEV-BURST-2,IPH-BURST-2,CVH-R00692,Cloud & DevOps,SZABIST,BBA,6,2027,Khairpur,3.81,4.0,54,308,5,0,0,25,Rapid Burst,1,1,6,6,1,0.85,0.85,4,4,0,1,0,0,1,96.7,-0.05902,2,100.0,Rapid submission pattern,83.8,Critical,rapid or burst submission
APP-2026-0690,2026-07-11 16:02:48,Saad Iqbal,saadiqbal6690@student.edu.pk,+923021005690,DEV-BURST-2,IPH-BURST-2,CVH-R00690,QA & Testing,Sukkur IBA University,BS Computer Science,8,2026,Faisalabad,3.48,4.0,59,136,5,1,0,40,Rapid Burst,1,1,6,6,1,0.88,0.88,5,5,0,1,0,0,1,98.8,-0.09525,2,100.0,Rapid submission pattern,86.0,Critical,rapid or burst submission
APP-2026-0691,2026-07-11 16:03:28,Noor Abbasi,noorabbasi6691@student.edu.pk,+923011005691,DEV-BURST-2,IPH-BURST-2,CVH-R00691,Cloud & DevOps,IBA Karachi,BS Information Technology,8,2026,Lahore,3.18,4.0,56,144,5,1,1,20,Rapid Burst,1,1,6,6,1,0.67,0.67,6,6,0,1,0,0,1,99.6,-0.10766,2,100.0,Rapid submission pattern,87.6,Critical,rapid or burst submission
APP-2026-0590,2026-07-11 16:06:41,Aqsa Jatoi,aqsajatoi1589@gmail.com,+923201000589,DEV-0208,IPH-0433,CVH-10589,Data Analytics,IBA Karachi,BS Information Technology,5,2028,Lahore,3.18,4.0,474,682,10,0,1,30,Normal,1,1,2,1,1,10080.0,10080.0,1,1,0,0,0,0,0,21.1,0.18668,1,1.0,Typical pattern,10.8,Normal,no material alert signal
APP-2026-0062,2026-07-11 16:54:39,Bilal Soomro,bilalsoomro1061@yahoo.com,+923331000061,DEV-0072,IPH-0157,CVH-10061,Data Analytics,University of Karachi,BS Information Technology,8,2026,Khairpur,2.39,4.0,634,726,8,0,1,20,Normal,1,1,1,3,1,10080.0,10080.0,1,1,0,0,0,0,0,22.9,0.18545,1,1.0,Typical pattern,11.6,Normal,no material alert signal
APP-2026-0553,2026-07-11 18:28:09,Maryam Soomro,maryamsoomro1552@outlook.com,+923231000552,DEV-0463,IPH-0157,CVH-10552,Cloud & DevOps,Shah Abdul Latif University,BS Computer Science,6,2028,Nawabshah,2.67,4.0,574,667,7,1,0,25,Normal,1,1,1,3,1,10080.0,93.5,1,2,0,0,0,0,0,75.0,0.10421,1,1.0,Typical pattern,37.7,Normal,no material alert signal
APP-2026-0247,2026-07-11 18:43:46,Taha Mirza,tahamirza1246@yahoo.com,+923211000246,DEV-0284,IPH-0322,CVH-10246,Web Development,COMSATS University,BS Information Technology,8,2027,Hyderabad,2.91,4.0,322,1174,7,0,1,35,Normal,1,1,2,6,1,10080.0,2972.8,1,1,0,0,0,0,0,70.7,0.13026,1,1.0,Typical pattern,35.6,Normal,no material alert signal
APP-2026-0304,2026-07-11 18:45:18,Bilal Rind,bilalrind1303@student.edu.pk,+923311000303,DEV-0080,IPH-0335,CVH-10303,QA & Testing,SZABIST,BS Software Engineering,8,2026,Karachi,3.29,4.0,335,426,9,1,0,40,Normal,1,1,3,4,1,8895.32,7812.23,1,1,0,0,0,0,0,54.7,0.15908,1,1.0,Typical pattern,27.6,Normal,no material alert signal
APP-2026-0656,2026-07-11 19:43:02,Sajawal Ahmed,sajawalahmed1050@gmail.com,+923131000050,DEV-0514,IPH-0177,CVH-10050,UI/UX Design,Sukkur IBA University,BS Computer Science,8,2026,Faisalabad,2.81,4.0,38,435,8,1,0,40,Duplicate,2,2,5,7,2,513.0,513.0,2,2,1,1,0,0,1,95.8,-0.05367,3,70.5,Identity reuse pattern,90.2,Critical,duplicate identity/CV reuse; rapid or burst submission
APP-2026-0143,2026-07-11 21:31:48,Farhan Qureshi,farhanqureshi1142@outlook.com,+923031000142,DEV-0108,IPH-0047,CVH-10142,Web Development,University of Karachi,BS Software Engineering,6,2027,Islamabad,2.84,4.0,667,641,3,1,1,30,Normal,2,2,5,4,2,7978.73,10080.0,1,1,1,0,0,0,1,89.2,-0.00041,3,70.5,Identity reuse pattern,73.9,High,duplicate identity/CV reuse
APP-2026-0161,2026-07-11 22:31:11,Mehak Siddiqui,mehaksiddiqui1160@gmail.com,+923041000160,DEV-0384,IPH-0146,CVH-10160,Data Analytics,SZABIST,BS Information Technology,6,2028,Nawabshah,2.74,4.0,384,653,4,1,1,20,Normal,1,1,2,1,1,10080.0,10080.0,1,1,0,0,0,0,0,8.1,0.1951,1,1.0,Typical pattern,4.2,Normal,no material alert signal
APP-2026-0649,2026-07-11 22:35:39,Fahad Rind,fahadrind1168@yahoo.com,+923021000168,DEV-0554,IPH-0235,CVH-10168,Data Analytics,FAST NUCES,BS Computer Science,5,2028,Karachi,2.5,4.0,42,733,6,1,1,15,Duplicate,2,2,2,5,2,450.0,450.0,2,2,1,1,0,0,1,93.9,-0.03465,3,70.5,Identity reuse pattern,89.2,Critical,duplicate identity/CV reuse; rapid or burst submission
APP-2026-0659,2026-07-12 00:47:48,Farhan Qureshi,farhanqureshi1142@outlook.com,+923031000142,DEV-0108,IPH-0047,CVH-10142,Cloud & DevOps,University of Karachi,BS Software Engineering,6,2027,Islamabad,2.84,4.0,114,641,3,1,1,30,Duplicate,2,2,5,4,2,196.0,196.0,2,2,1,0,0,0,1,94.0,-0.03778,3,70.5,Identity reuse pattern,77.5,Critical,duplicate identity/CV reuse
APP-2026-0491,2026-07-12 11:01:58,Hania Ahmed,haniaahmed1490@outlook.com,+923021000490,DEV-0521,IPH-0314,CVH-10490,Business Intelligence,IBA Karachi,BBA,8,2027,Peshawar,3.79,4.0,229,248,3,1,1,25,Normal,1,1,5,3,1,9460.68,10080.0,1,1,0,0,0,0,0,71.4,0.12529,1,1.0,Typical pattern,35.9,Normal,no material alert signal
APP-2026-0588,2026-07-12 12:25:03,Komal Farooq,komalfarooq1587@outlook.com,+923111000587,DEV-0165,IPH-0295,CVH-10587,Cloud & DevOps,Shah Abdul Latif University,BS Computer Science,7,2027,Hyderabad,3.14,4.0,687,1258,9,0,1,30,Normal,1,1,1,6,1,10080.0,10080.0,1,1,0,0,0,0,0,71.0,0.12914,1,1.0,Typical pattern,35.7,Normal,no material alert signal
APP-2026-0301,2026-07-12 12:47:56,Hania Narejo,hanianarejo1300@student.edu.pk,+923111000300,DEV-0217,IPH-0216,CVH-10300,Web Development,FAST NUCES,BS Data Science,8,2026,Islamabad,2.8,4.0,339,640,4,1,1,35,Normal,1,1,1,2,1,10080.0,1314.48,1,2,0,0,0,0,0,74.6,0.10697,1,1.0,Typical pattern,37.5,Normal,no material alert signal
APP-2026-0026,2026-07-12 13:10:18,Usman Baloch,usmanbaloch1025@gmail.com,+923171000025,DEV-0317,IPH-0004,CVH-10025,Business Intelligence,University of Sindh,BS Information Technology,8,2026,Lahore,3.13,4.0,213,1040,12,0,0,30,Normal,1,1,1,1,1,10080.0,10080.0,1,1,0,0,0,0,0,59.7,0.15113,1,1.0,Typical pattern,30.0,Normal,no material alert signal
APP-2026-0135,2026-07-12 13:11:02,Nimra Khan,nimrakhan1134@gmail.com,+923341000134,DEV-0528,IPH-0065,CVH-10134,Cloud & DevOps,Shah Abdul Latif University,BS Information Technology,8,2026,Lahore,2.56,4.0,625,531,8,0,1,30,Normal,1,1,2,2,1,8515.88,10080.0,1,1,0,0,0,0,0,14.6,0.19093,1,1.0,Typical pattern,7.5,Normal,no material alert signal
APP-2026-0200,2026-07-12 14:40:10,Muneeb Qureshi,muneebqureshi1199@student.edu.pk,+923111000199,DEV-0492,IPH-0168,CVH-10199,Data Analytics,SZABIST,BS Software Engineering,8,2026,Karachi,3.68,4.0,456,649,8,0,0,20,Normal,2,2,6,4,2,4538.72,10080.0,1,1,1,0,0,0,1,91.5,-0.01951,3,70.5,Identity reuse pattern,75.1,Critical,duplicate identity/CV reuse
APP-2026-0254,2026-07-12 16:02:28,Hassan Qureshi,hassanqureshi1253@outlook.com,+923111000253,DEV-0467,IPH-0072,CVH-10253,Cloud & DevOps,Sukkur IBA University,BS Mathematics,6,2028,Sukkur,3.04,4.0,783,895,6,1,0,25,Normal,1,1,1,1,1,10080.0,10080.0,1,1,0,0,0,0,0,25.4,0.18203,1,1.0,Typical pattern,12.9,Normal,no material alert signal
APP-2026-0104,2026-07-12 16:14:08,Laiba Khan,laibakhan1103@student.edu.pk,+923231000103,DEV-0469,IPH-0044,CVH-10103,UI/UX Design,Sukkur IBA University,BS Mathematics,5,2028,Karachi,2.95,4.0,299,730,13,1,0,30,Normal,1,1,1,2,1,10080.0,10080.0,1,1,0,0,0,0,0,50.3,0.16326,1,1.0,Typical pattern,25.3,Normal,no material alert signal
APP-2026-0443,2026-07-12 16:29:51,Muneeb Memon,muneebmemon1442@gmail.com,+923211000442,DEV-0502,IPH-0319,CVH-10442,QA & Testing,FAST NUCES,BS Software Engineering,8,2026,Karachi,3.22,4.0,587,326,7,1,1,25,Normal,1,1,4,5,1,10080.0,10080.0,1,1,0,0,0,0,0,55.8,0.158,1,1.0,Typical pattern,28.1,Normal,no material alert signal
APP-2026-0544,2026-07-12 17:26:19,Bilal Rajput,bilalrajput1543@gmail.com,+923231000543,DEV-0513,IPH-0447,CVH-10543,Business Intelligence,University of Sindh,BS Information Technology,6,2028,Hyderabad,2.46,4.0,292,757,5,0,1,40,Normal,1,1,2,4,1,10080.0,10080.0,1,1,0,0,0,0,0,35.4,0.17538,1,1.0,Typical pattern,17.9,Normal,no material alert signal
APP-2026-0133,2026-07-12 17:42:00,Zara Memon,zaramemon1132@student.edu.pk,+923051000132,DEV-0558,IPH-0123,CVH-10132,Data Analytics,Sukkur IBA University,BS Software Engineering,6,2027,Hyderabad,2.84,4.0,778,959,8,1,0,20,Normal,1,1,3,3,1,10080.0,10080.0,1,1,0,0,0,0,0,21.2,0.18665,1,1.0,Typical pattern,10.8,Normal,no material alert signal
APP-2026-0387,2026-07-12 17:55:12,Hassan Narejo,hassannarejo1386@outlook.com,+923151000386,DEV-0102,IPH-0354,CVH-10386,Data Analytics,NED University,BS Information Technology,8,2027,Hyderabad,3.24,4.0,626,616,7,0,0,30,Normal,1,1,1,1,1,10080.0,10080.0,1,1,0,0,0,0,0,14.7,0.19079,1,1.0,Typical pattern,7.6,Normal,no material alert signal
APP-2026-0196,2026-07-12 18:39:44,Usman Iqbal,usmaniqbal1195@gmail.com,+923341000195,DEV-0086,IPH-0388,CVH-10195,Business Intelligence,Shah Abdul Latif University,BBA,6,2027,Khairpur,3.38,4.0,538,657,7,0,1,30,Normal,1,1,1,2,1,10080.0,10080.0,1,1,0,0,0,0,0,3.6,0.19911,1,1.0,Typical pattern,2.0,Normal,no material alert signal
APP-2026-0404,2026-07-12 20:58:20,Sajawal Soomro,sajawalsoomro1403@gmail.com,+923041000403,DEV-0557,IPH-0091,CVH-10403,Cloud & DevOps,Sukkur IBA University,BS Computer Science,6,2027,Karachi,3.59,4.0,270,417,2,1,0,30,Normal,1,1,1,4,1,10080.0,10080.0,1,1,0,0,0,0,0,59.2,0.15152,1,1.0,Typical pattern,29.8,Normal,no material alert signal
APP-2026-0036,2026-07-12 21:07:05,Shayan Soomro,shayansoomro1035@yahoo.com,+923011000035,DEV-0250,IPH-0267,CVH-10035,Business Intelligence,NED University,BS Software Engineering,7,2028,Multan,2.99,4.0,387,958,9,0,0,30,Normal,1,1,1,2,1,10080.0,10080.0,1,1,0,0,0,0,0,11.4,0.19253,1,1.0,Typical pattern,5.9,Normal,no material alert signal
APP-2026-0661,2026-07-12 22:01:10,Muneeb Qureshi,muneebqureshi1199@student.edu.pk,+923111000199,DEV-0492,IPH-0168,CVH-10199,UI/UX Design,SZABIST,BS Software Engineering,8,2026,Karachi,3.68,4.0,38,649,8,0,0,20,Duplicate,2,2,6,4,2,441.0,441.0,2,2,1,1,0,0,1,95.7,-0.05314,3,70.5,Identity reuse pattern,90.2,Critical,duplicate identity/CV reuse; rapid or burst submission
APP-2026-0076,2026-07-12 23:04:05,Farhan Khan,farhankhan1075@gmail.com,+923201000075,DEV-0229,IPH-0397,CVH-10075,Cloud & DevOps,University of Karachi,BS Information Technology,8,2026,Lahore,3.08,4.0,324,939,6,0,1,25,Normal,1,1,3,3,1,4714.37,10080.0,1,1,0,0,0,0,0,27.4,0.18033,1,1.0,Typical pattern,13.9,Normal,no material alert signal
APP-2026-0356,2026-07-12 23:33:51,Muneeb Qureshi,muneebqureshi1355@outlook.com,+923131000355,DEV-0233,IPH-0247,CVH-10355,Data Analytics,SZABIST,BS Data Science,6,2027,Lahore,2.48,4.0,510,422,7,1,1,25,Normal,1,1,3,1,1,2965.55,10080.0,1,1,0,0,0,0,0,45.0,0.16785,1,1.0,Typical pattern,22.7,Normal,no material alert signal
APP-2026-0639,2026-07-13 09:08:32,Areeba Siddiqui,areebasiddiqui1638@yahoo.com,+923231000638,DEV-0226,IPH-0432,CVH-10638,QA & Testing,University of Karachi,BS Software Engineering,8,2027,Khairpur,2.83,4.0,336,371,6,0,0,30,Normal,1,1,4,5,1,10080.0,5847.72,1,1,0,0,0,0,0,61.8,0.1472,1,1.0,Typical pattern,31.1,Normal,no material alert signal
APP-2026-0325,2026-07-13 09:31:28,Waleed Siddiqui,waleedsiddiqui1324@outlook.com,+923171000324,DEV-0436,IPH-0190,CVH-10324,UI/UX Design,Sukkur IBA University,BS Data Science,8,2026,Faisalabad,3.21,4.0,444,180,10,1,0,30,Normal,1,1,1,1,1,10080.0,10080.0,1,1,0,0,0,0,0,62.4,0.14678,1,1.0,Typical pattern,31.4,Normal,no material alert signal
APP-2026-0338,2026-07-13 10:15:19,Maryam Qureshi,maryamqureshi1337@student.edu.pk,+923221000337,DEV-0274,IPH-0073,CVH-10337,QA & Testing,COMSATS University,BS Information Technology,6,2028,Multan,3.57,4.0,1292,461,4,0,0,25,Normal,1,1,1,2,1,10080.0,10080.0,1,1,0,0,0,0,0,59.9,0.15092,1,1.0,Typical pattern,30.2,Normal,no material alert signal
APP-2026-0272,2026-07-13 11:45:11,Mahnoor Rajput,mahnoorrajput1271@outlook.com,+923041000271,DEV-0235,IPH-0062,CVH-10271,Cloud & DevOps,Sukkur IBA University,BS Computer Science,5,2029,Karachi,3.43,4.0,925,682,6,1,0,20,Normal,1,1,2,4,1,10080.0,10080.0,1,1,0,0,0,0,0,26.9,0.18066,1,1.0,Typical pattern,13.6,Normal,no material alert signal
APP-2026-0240,2026-07-13 12:40:06,Komal Khan,komalkhan1239@gmail.com,+923231000239,DEV-0353,IPH-0352,CVH-10239,Business Intelligence,Mehran UET,BS Information Technology,7,2027,Karachi,3.12,4.0,204,571,7,1,0,30,Normal,1,1,1,2,1,10080.0,10080.0,1,1,0,0,0,0,0,6.7,0.19654,1,1.0,Typical pattern,3.6,Normal,no material alert signal
APP-2026-0075,2026-07-13 12:46:47,Sana Mirza,sanamirza1074@outlook.com,+923221000074,DEV-0519,IPH-0239,CVH-10074,Web Development,University of Sindh,BS Information Technology,8,2026,Lahore,3.11,4.0,650,680,9,1,1,25,Normal,1,1,3,4,1,10080.0,10080.0,1,1,0,0,0,0,0,15.3,0.19052,1,1.0,Typical pattern,7.8,Normal,no material alert signal
APP-2026-0369,2026-07-13 13:07:18,Komal Iqbal,komaliqbal1368@student.edu.pk,+923131000368,DEV-0179,IPH-0123,CVH-10368,Business Intelligence,Sukkur IBA University,BS Information Technology,7,2027,Faisalabad,2.62,4.0,248,812,8,1,0,40,Normal,2,2,4,3,2,10080.0,1165.3,1,2,1,0,0,0,0,87.8,0.00517,3,70.5,Identity reuse pattern,73.2,High,duplicate identity/CV reuse
APP-2026-0071,2026-07-13 13:27:11,Dua Shaikh,duashaikh1070@gmail.com,+923051000070,DEV-0155,IPH-0061,CVH-10070,UI/UX Design,FAST NUCES,BS Mathematics,8,2026,Karachi,2.94,4.0,184,797,5,0,0,25,Normal,1,1,3,1,1,10080.0,10080.0,1,1,0,0,0,0,0,26.5,0.18107,1,1.0,Typical pattern,13.4,Normal,no material alert signal
APP-2026-0244,2026-07-13 13:54:09,Rayyan Rind,rayyanrind1243@outlook.com,+923341000243,DEV-0508,IPH-0276,CVH-10243,Cloud & DevOps,Shah Abdul Latif University,BBA,8,2026,Hyderabad,2.91,4.0,232,668,9,1,0,40,Normal,1,1,3,4,1,6963.95,10080.0,1,1,0,0,0,0,0,52.8,0.16108,1,1.0,Typical pattern,26.6,Normal,no material alert signal
APP-2026-0488,2026-07-13 14:40:19,Fahad Abbasi,fahadabbasi1487@gmail.com,+923311000487,DEV-0103,IPH-0250,CVH-10487,UI/UX Design,Mehran UET,BS Information Technology,6,2027,Islamabad,2.67,4.0,434,431,6,0,0,30,Normal,1,1,1,1,1,10080.0,10080.0,1,1,0,0,0,0,0,21.7,0.18648,1,1.0,Typical pattern,11.0,Normal,no material alert signal
APP-2026-0508,2026-07-13 15:00:30,Sana Rajput,sanarajput1507@yahoo.com,+923201000507,DEV-0259,IPH-0266,CVH-10507,QA & Testing,University of Karachi,BBA,5,2028,Peshawar,2.79,4.0,229,648,4,1,1,30,Normal,1,1,3,2,1,10080.0,10080.0,1,1,0,0,0,0,0,8.3,0.19494,1,1.0,Typical pattern,4.4,Normal,no material alert signal
APP-2026-0531,2026-07-13 15:17:06,Aiman Memon,aimanmemon1530@gmail.com,+923321000530,DEV-0167,IPH-0449,CVH-10530,Web Development,Shah Abdul Latif University,BS Computer Science,5,2028,Multan,3.3,4.0,580,384,4,0,1,20,Normal,1,1,3,1,1,5787.33,10080.0,1,1,0,0,0,0,0,54.2,0.15966,1,1.0,Typical pattern,27.3,Normal,no material alert signal
APP-2026-0271,2026-07-13 15:56:50,Laiba Rind,laibarind1270@student.edu.pk,+923321000270,DEV-0505,IPH-0162,CVH-10270,Web Development,Mehran UET,BS Computer Science,8,2026,Sukkur,3.02,4.0,309,1011,7,0,0,20,Normal,1,1,1,1,1,10080.0,10080.0,1,1,0,0,0,0,0,19.9,0.18711,1,1.0,Typical pattern,10.1,Normal,no material alert signal
APP-2026-0493,2026-07-13 16:13:05,Shayan Abbasi,shayanabbasi1492@gmail.com,+923231000492,DEV-0470,IPH-0035,CVH-10492,Cloud & DevOps,Sukkur IBA University,BS Information Technology,8,2026,Nawabshah,2.96,4.0,386,918,5,0,0,30,Normal,1,1,4,2,1,10080.0,7246.13,1,1,0,0,0,0,0,31.0,0.17811,1,1.0,Typical pattern,15.7,Normal,no material alert signal
APP-2026-0201,2026-07-13 16:26:44,Laiba Khan,laibakhan1200@yahoo.com,+923311000200,DEV-0140,IPH-0117,CVH-10200,Cloud & DevOps,IBA Karachi,BS Software Engineering,5,2028,Hyderabad,2.57,4.0,319,1118,6,0,1,25,Normal,1,1,2,3,1,6891.67,10080.0,1,1,0,0,0,0,0,29.2,0.17933,1,1.0,Typical pattern,14.8,Normal,no material alert signal
APP-2026-0441,2026-07-13 16:36:21,Fatima Soomro,fatimasoomro1440@gmail.com,+923221000440,DEV-0101,IPH-0060,CVH-10440,Data Analytics,University of Karachi,BS Software Engineering,7,2028,Nawabshah,3.95,4.0,132,1135,10,1,1,25,Normal,1,1,1,1,1,10080.0,10080.0,1,1,0,0,0,0,0,60.0,0.15081,1,1.0,Typical pattern,30.2,Normal,no material alert signal
APP-2026-0418,2026-07-13 17:07:49,Farhan Khan,farhankhan1417@outlook.com,+923211000417,DEV-0406,IPH-0101,CVH-10417,Web Development,Shah Abdul Latif University,BBA,6,2027,Karachi,2.99,4.0,411,418,4,1,1,30,Normal,1,1,1,2,1,10080.0,10080.0,1,1,0,0,0,0,0,20.1,0.18698,1,1.0,Typical pattern,10.2,Normal,no material alert signal
APP-2026-0467,2026-07-13 17:35:57,Hania Chandio,haniachandio1466@student.edu.pk,+923311000466,DEV-0058,IPH-0001,CVH-10466,Web Development,SZABIST,BS Mathematics,8,2026,Lahore,2.02,4.0,673,555,9,1,1,30,Normal,1,1,2,1,1,10080.0,10080.0,1,1,0,0,0,0,0,12.8,0.19164,1,1.0,Typical pattern,6.6,Normal,no material alert signal
APP-2026-0276,2026-07-13 18:20:05,Rida Siddiqui,ridasiddiqui1275@student.edu.pk,+923051000275,DEV-0008,IPH-0296,CVH-10275,Data Analytics,Mehran UET,BBA,8,2026,Hyderabad,2.94,4.0,337,963,3,1,1,40,Normal,1,1,1,1,1,10080.0,10080.0,1,1,0,0,0,0,0,57.1,0.15604,1,1.0,Typical pattern,28.8,Normal,no material alert signal
APP-2026-0306,2026-07-13 18:53:47,Taha Khan,tahakhan1305@yahoo.com,+923341000305,DEV-0490,IPH-0273,CVH-10305,Business Intelligence,COMSATS University,BS Computer Science,6,2027,Karachi,3.07,4.0,378,1123,9,1,1,25,Normal,1,1,4,1,1,10080.0,10080.0,1,1,0,0,0,0,0,28.9,0.17937,1,1.0,Typical pattern,14.6,Normal,no material alert signal
APP-2026-0524,2026-07-13 18:54:50,Fatima Ahmed,fatimaahmed1523@yahoo.com,+923151000523,DEV-0221,IPH-0091,CVH-10523,Cloud & DevOps,SZABIST,BS Computer Science,8,2026,Sukkur,2.3,4.0,342,657,5,0,1,15,Normal,1,1,1,4,1,10080.0,1316.5,1,2,0,0,0,0,0,75.3,0.10319,1,1.0,Typical pattern,37.8,Normal,no material alert signal
APP-2026-0431,2026-07-13 19:18:31,Sara Farooq,sarafarooq1430@gmail.com,+923221000430,DEV-0345,IPH-0321,CVH-10430,Web Development,Sukkur IBA University,BS Data Science,7,2027,Karachi,2.76,4.0,479,644,8,0,0,20,Normal,1,1,1,1,1,10080.0,10080.0,1,1,0,0,0,0,0,15.7,0.19027,1,1.0,Typical pattern,8.0,Normal,no material alert signal
APP-2026-0033,2026-07-13 19:25:28,Ahmed Rind,ahmedrind1032@student.edu.pk,+923151000032,DEV-0483,IPH-0307,CVH-10032,Data Analytics,IBA Karachi,BS Computer Science,6,2028,Faisalabad,2.09,4.0,245,451,4,0,1,20,Normal,1,1,2,2,1,5943.53,10080.0,1,1,0,0,0,0,0,42.9,0.16896,1,1.0,Typical pattern,21.6,Normal,no material alert signal
APP-2026-0612,2026-07-13 19:25:59,Muneeb Khan,muneebkhan1611@yahoo.com,+923131000611,DEV-0082,IPH-0174,CVH-10611,Business Intelligence,Sukkur IBA University,BS Computer Science,7,2027,Karachi,3.25,4.0,377,976,4,1,0,25,Normal,1,1,2,2,1,10080.0,5886.33,1,1,0,0,0,0,0,13.3,0.19141,1,1.0,Typical pattern,6.8,Normal,no material alert signal
APP-2026-0066,2026-07-13 19:28:34,Bilal Ahmed,bilalahmed1065@outlook.com,+923041000065,DEV-0190,IPH-0163,CVH-10065,Data Analytics,Mehran UET,BBA,7,2027,Hyderabad,2.81,4.0,158,709,5,1,1,25,Normal,1,1,3,2,1,10080.0,10080.0,1,1,0,0,0,0,0,23.2,0.18524,1,1.0,Typical pattern,11.8,Normal,no material alert signal
APP-2026-0666,2026-07-13 22:33:18,Komal Iqbal,komaliqbal1368@student.edu.pk,+923131000368,DEV-0179,IPH-0123,CVH-10368,Cloud & DevOps,Sukkur IBA University,BS Information Technology,7,2027,Faisalabad,2.62,4.0,102,812,8,1,0,40,Duplicate,2,2,4,3,2,566.0,566.0,2,2,1,0,0,0,0,88.2,0.00397,3,70.5,Identity reuse pattern,74.6,High,duplicate identity/CV reuse
APP-2026-0440,2026-07-13 23:02:38,Bilal Malik,bilalmalik1439@yahoo.com,+923031000439,DEV-0185,IPH-0084,CVH-10439,UI/UX Design,University of Sindh,BBA,7,2027,Sukkur,2.28,4.0,408,960,8,0,1,40,Normal,2,2,3,4,2,10080.0,10080.0,1,1,1,0,0,0,0,87.1,0.01471,3,70.5,Identity reuse pattern,72.8,High,duplicate identity/CV reuse
APP-2026-0392,2026-07-13 23:54:06,Hania Shaikh,haniashaikh1391@yahoo.com,+923011000391,DEV-0343,IPH-0181,CVH-10391,UI/UX Design,Mehran UET,BS Software Engineering,8,2026,Peshawar,3.2,4.0,247,1114,8,0,1,30,Normal,1,1,1,5,1,10080.0,10080.0,1,1,0,0,0,0,0,48.8,0.16488,1,1.0,Typical pattern,24.6,Normal,no material alert signal
APP-2026-0650,2026-07-14 05:48:38,Bilal Malik,bilalmalik1439@yahoo.com,+923031000439,DEV-0185,IPH-0084,CVH-10439,UI/UX Design,University of Sindh,BBA,7,2027,Sukkur,2.28,4.0,94,960,8,0,1,40,Duplicate,2,2,3,4,2,406.0,406.0,2,2,1,0,0,0,1,91.7,-0.02019,3,70.5,Identity reuse pattern,76.4,Critical,duplicate identity/CV reuse
APP-2026-0343,2026-07-14 10:24:15,Ahmed Khan,ahmedkhan1342@outlook.com,+923131000342,DEV-0447,IPH-0443,CVH-10342,Web Development,IBA Karachi,BS Computer Science,7,2028,Karachi,2.71,4.0,243,365,5,0,0,15,Normal,1,1,1,2,1,10080.0,10080.0,1,1,0,0,0,0,0,44.9,0.16793,1,1.0,Typical pattern,22.6,Normal,no material alert signal
APP-2026-0045,2026-07-14 10:26:49,Zara Abbasi,zaraabbasi1044@student.edu.pk,+923111000044,DEV-0450,IPH-0089,CVH-10044,QA & Testing,Sukkur IBA University,BS Data Science,8,2026,Karachi,3.21,4.0,258,732,6,0,0,35,Normal,1,1,3,4,1,10080.0,10080.0,1,1,0,0,0,0,0,29.3,0.17931,1,1.0,Typical pattern,14.8,Normal,no material alert signal
APP-2026-0408,2026-07-14 11:31:57,Danish Rajput,danishrajput1407@yahoo.com,+923021000407,DEV-0039,IPH-0010,CVH-10407,Business Intelligence,Mehran UET,BS Information Technology,7,2028,Sukkur,2.68,4.0,304,607,5,1,0,30,Normal,1,1,1,2,1,10080.0,10080.0,1,1,0,0,0,0,0,2.8,0.19982,1,1.0,Typical pattern,1.6,Normal,no material alert signal
APP-2026-0421,2026-07-14 12:35:54,Saad Iqbal,saadiqbal1420@student.edu.pk,+923311000420,DEV-0270,IPH-0176,CVH-10420,Business Intelligence,Shah Abdul Latif University,BS Software Engineering,6,2027,Karachi,3.18,4.0,624,180,3,0,0,15,Normal,1,1,2,2,1,10080.0,4210.35,1,1,0,0,0,0,0,74.9,0.10508,1,1.0,Typical pattern,37.7,Normal,no material alert signal
APP-2026-0239,2026-07-14 12:37:09,Aiman Rajput,aimanrajput1238@yahoo.com,+923131000238,DEV-0156,IPH-0140,CVH-10238,Cloud & DevOps,University of Sindh,BBA,7,2027,Karachi,2.75,4.0,320,908,5,1,1,30,Normal,1,1,2,3,1,10080.0,10080.0,1,1,0,0,0,0,0,3.2,0.19972,1,1.0,Typical pattern,1.8,Normal,no material alert signal
APP-2026-0470,2026-07-14 12:59:23,Laiba Khan,laibakhan1469@outlook.com,+923311000469,DEV-0023,IPH-0372,CVH-10469,Business Intelligence,University of Sindh,BS Software Engineering,8,2027,Sukkur,3.11,4.0,459,879,7,1,0,30,Normal,1,1,2,3,1,10080.0,10080.0,1,1,0,0,0,0,0,0.8,0.20661,1,1.0,Typical pattern,0.6,Normal,no material alert signal
APP-2026-0206,2026-07-14 13:25:41,Areeba Ansari,areebaansari1205@gmail.com,+923211000205,DEV-0240,IPH-0062,CVH-10205,QA & Testing,Shah Abdul Latif University,BS Computer Science,6,2027,Islamabad,3.19,4.0,344,719,5,1,0,20,Normal,1,1,4,4,1,7126.35,1540.5,1,1,0,0,0,0,0,61.3,0.14858,1,1.0,Typical pattern,30.8,Normal,no material alert signal
APP-2026-0202,2026-07-14 13:46:33,Areeba Siddiqui,areebasiddiqui1201@outlook.com,+923321000201,DEV-0514,IPH-0050,CVH-10201,Data Analytics,Mehran UET,BS Information Technology,7,2027,Hyderabad,2.31,4.0,120,469,9,1,1,25,Normal,1,1,5,3,1,3963.52,10080.0,1,1,0,0,0,0,0,72.1,0.12276,1,1.0,Typical pattern,36.2,Normal,no material alert signal
APP-2026-0581,2026-07-14 13:49:33,Rayyan Rind,rayyanrind1580@gmail.com,+923041000580,DEV-0060,IPH-0090,CVH-10580,Cloud & DevOps,FAST NUCES,BS Software Engineering,5,2028,Peshawar,2.82,4.0,426,952,7,0,1,15,Normal,1,1,3,4,1,10080.0,8258.63,1,1,0,0,0,0,0,41.7,0.1698,1,1.0,Typical pattern,21.0,Normal,no material alert signal
APP-2026-0227,2026-07-14 14:09:16,Hassan Siddiqui,hassansiddiqui1226@student.edu.pk,+923111000226,DEV-0390,IPH-0020,CVH-10226,UI/UX Design,IBA Karachi,BS Data Science,8,2027,Hyderabad,3.28,4.0,621,245,12,0,0,30,Normal,2,2,4,3,2,10080.0,5648.03,1,1,1,0,0,0,1,92.5,-0.02484,3,70.5,Identity reuse pattern,75.6,Critical,duplicate identity/CV reuse
APP-2026-0680,2026-07-14 14:09:38,Hassan Siddiqui,hassansiddiqui1226@student.edu.pk,+923111000226,DEV-0390,IPH-0020,CVH-10226,UI/UX Design,IBA Karachi,BS Data Science,8,2027,Hyderabad,3.28,4.0,70,245,12,0,0,30,Multi-signal,2,2,4,3,2,0.37,0.37,2,2,1,1,0,0,1,98.5,-0.08916,3,70.5,Identity reuse pattern,91.6,Critical,duplicate identity/CV reuse; rapid or burst submission
APP-2026-0222,2026-07-14 15:06:47,Komal Ahmed,komalahmed1221@gmail.com,+923041000221,DEV-0546,IPH-0360,CVH-10221,UI/UX Design,Mehran UET,BS Information Technology,5,2028,Hyderabad,2.71,4.0,368,722,5,1,1,25,Normal,1,1,1,3,1,10080.0,10080.0,1,1,0,0,0,0,0,6.0,0.1969,1,1.0,Typical pattern,3.2,Normal,no material alert signal
APP-2026-0236,2026-07-14 16:35:34,Areeba Soomro,areebasoomro1235@gmail.com,+923151000235,DEV-0497,IPH-0130,CVH-10235,Data Analytics,NED University,BS Mathematics,7,2027,Karachi,3.31,4.0,378,710,7,1,0,25,Normal,1,1,3,2,1,8482.43,10080.0,1,1,0,0,0,0,0,0.6,0.20752,1,1.0,Typical pattern,0.5,Normal,no material alert signal
APP-2026-0255,2026-07-14 16:54:05,Zara Iqbal,zaraiqbal1254@yahoo.com,+923151000254,DEV-0041,IPH-0054,CVH-10254,Web Development,FAST NUCES,BS Software Engineering,8,2026,Karachi,3.56,4.0,195,651,7,1,1,20,Normal,1,1,4,1,1,6816.93,10080.0,1,1,0,0,0,0,0,41.9,0.16956,1,1.0,Typical pattern,21.2,Normal,no material alert signal
APP-2026-0406,2026-07-14 17:41:34,Mehak Siddiqui,mehaksiddiqui1405@outlook.com,+923171000405,DEV-0387,IPH-0084,CVH-10405,Cloud & DevOps,Shah Abdul Latif University,BS Information Technology,7,2027,Nawabshah,3.05,4.0,479,719,7,0,0,15,Normal,1,1,1,4,1,10080.0,712.93,1,3,0,0,0,0,0,81.1,0.0669,1,1.0,Typical pattern,40.8,Normal,no material alert signal
APP-2026-0717,2026-07-14 18:10:00,Dua Siddiqui,duasiddiqui10717@yahoo.com,+923021009717,DEV-I0717,IPH-I0717,CVH-I00717,QA & Testing,IBA Karachi,BS Information Technology,5,2028,Lahore,4.38,4.0,348,290,1,0,0,30,Inconsistent,1,1,1,1,1,10080.0,10080.0,1,1,0,0,1,1,0,84.2,0.04296,0,53.9,Data inconsistency pattern,66.8,High,inconsistent application data
APP-2026-0250,2026-07-14 18:10:58,Sana Baloch,sanabaloch1249@yahoo.com,+923341000249,DEV-0200,IPH-0222,CVH-10249,Data Analytics,NED University,BS Computer Science,6,2027,Karachi,3.41,4.0,474,988,7,0,0,20,Normal,1,1,1,2,1,10080.0,10080.0,1,1,0,0,0,0,0,10.1,0.19359,1,1.0,Typical pattern,5.2,Normal,no material alert signal
APP-2026-0256,2026-07-14 18:49:42,Rayyan Shaikh,rayyanshaikh1255@gmail.com,+923311000255,DEV-0059,IPH-0392,CVH-10255,Data Analytics,IBA Karachi,BS Mathematics,8,2026,Faisalabad,3.02,4.0,368,918,3,0,0,20,Normal,1,1,1,2,1,10080.0,5946.45,1,1,0,0,0,0,0,49.7,0.16409,1,1.0,Typical pattern,25.0,Normal,no material alert signal
APP-2026-0318,2026-07-14 18:59:05,Farhan Farooq,farhanfarooq1317@yahoo.com,+923211000317,DEV-0263,IPH-0011,CVH-10317,Web Development,FAST NUCES,BBA,8,2026,Karachi,3.06,4.0,268,653,10,1,0,30,Normal,1,1,1,3,1,10080.0,10080.0,1,1,0,0,0,0,0,11.8,0.19207,1,1.0,Typical pattern,6.1,Normal,no material alert signal
APP-2026-0490,2026-07-14 20:32:37,Muneeb Rajput,muneebrajput1489@student.edu.pk,+923041000489,DEV-0326,IPH-0024,CVH-10489,UI/UX Design,COMSATS University,BS Computer Science,5,2029,Sukkur,2.57,4.0,342,743,9,1,1,15,Normal,1,1,1,2,1,10080.0,10080.0,1,1,0,0,0,0,0,18.1,0.18866,1,1.0,Typical pattern,9.2,Normal,no material alert signal
APP-2026-0234,2026-07-14 20:37:31,Taha Khan,tahakhan1233@gmail.com,+923171000233,DEV-0255,IPH-0046,CVH-10233,Web Development,Shah Abdul Latif University,BS Information Technology,7,2027,Hyderabad,3.47,4.0,686,419,5,1,1,25,Normal,2,2,3,3,2,10080.0,10080.0,1,1,1,0,0,0,0,85.8,0.02859,3,70.5,Identity reuse pattern,72.2,High,duplicate identity/CV reuse
APP-2026-0442,2026-07-14 21:22:45,Maryam Shaikh,maryamshaikh1441@outlook.com,+923031000441,DEV-0365,IPH-0419,CVH-10441,Cloud & DevOps,COMSATS University,BBA,7,2027,Hyderabad,3.08,4.0,258,669,7,1,0,40,Normal,1,1,4,1,1,6281.87,10080.0,1,1,0,0,0,0,0,52.6,0.16109,1,1.0,Typical pattern,26.5,Normal,no material alert signal
APP-2026-0082,2026-07-14 21:48:07,Maryam Ahmed,maryamahmed1081@student.edu.pk,+923041000081,DEV-0452,IPH-0297,CVH-10081,Cloud & DevOps,University of Sindh,BS Information Technology,8,2026,Peshawar,3.15,4.0,180,895,4,1,0,30,Normal,2,2,3,4,2,10080.0,10080.0,1,1,1,0,0,0,0,85.1,0.03275,3,70.5,Identity reuse pattern,71.8,High,duplicate identity/CV reuse
APP-2026-0021,2026-07-14 22:08:32,Komal Soomro,komalsoomro1020@gmail.com,+923021000020,DEV-0259,IPH-0229,CVH-10020,Business Intelligence,Sukkur IBA University,BS Software Engineering,8,2026,Karachi,3.52,4.0,423,758,7,0,1,25,Normal,1,1,3,2,1,1868.03,10080.0,1,1,0,0,0,0,0,46.0,0.16681,1,1.0,Typical pattern,23.2,Normal,no material alert signal
APP-2026-0669,2026-07-15 04:32:07,Maryam Ahmed,maryamahmed1081@student.edu.pk,+923041000081,DEV-0452,IPH-0297,CVH-10081,Cloud & DevOps,University of Sindh,BS Information Technology,8,2026,Khairpur,3.15,4.0,73,895,4,1,0,30,Duplicate,2,2,3,4,2,404.0,404.0,2,2,1,0,0,0,0,88.1,0.0041,3,70.5,Identity reuse pattern,74.6,High,duplicate identity/CV reuse
APP-2026-0647,2026-07-15 06:33:31,Taha Khan,tahakhan1233@gmail.com,+923171000233,DEV-0255,IPH-0046,CVH-10233,Web Development,Shah Abdul Latif University,BS Information Technology,7,2027,Peshawar,3.47,4.0,73,419,5,1,1,25,Duplicate,2,2,3,3,2,596.0,596.0,2,2,1,0,0,0,1,90.0,-0.01044,3,70.5,Identity reuse pattern,75.5,Critical,duplicate identity/CV reuse
APP-2026-0504,2026-07-15 08:13:53,Danish Baloch,danishbaloch1503@student.edu.pk,+923001000503,DEV-0019,IPH-0238,CVH-10503,Web Development,Shah Abdul Latif University,BS Computer Science,7,2027,Lahore,2.8,4.0,392,734,7,0,0,30,Normal,1,1,1,2,1,10080.0,10080.0,1,1,0,0,0,0,0,1.9,0.20133,1,1.0,Typical pattern,1.2,Normal,no material alert signal
APP-2026-0534,2026-07-15 12:00:37,Waleed Siddiqui,waleedsiddiqui1533@outlook.com,+923121000533,DEV-0547,IPH-0104,CVH-10533,Data Analytics,Sukkur IBA University,BBA,8,2026,Karachi,2.95,4.0,262,748,7,1,1,30,Normal,1,1,1,3,1,10080.0,10080.0,1,1,0,0,0,0,0,5.1,0.19763,1,1.0,Typical pattern,2.8,Normal,no material alert signal
APP-2026-0573,2026-07-15 12:06:55,Iqra Baloch,iqrabaloch1572@student.edu.pk,+923051000572,DEV-0054,IPH-0396,CVH-10572,Business Intelligence,Sukkur IBA University,BS Computer Science,8,2026,Sukkur,2.57,4.0,415,851,11,0,0,20,Normal,1,1,2,1,1,10080.0,10080.0,1,1,0,0,0,0,0,33.1,0.17648,1,1.0,Typical pattern,16.8,Normal,no material alert signal
APP-2026-0610,2026-07-15 16:24:16,Mehak Ansari,mehakansari1609@student.edu.pk,+923011000609,DEV-0068,IPH-0252,CVH-10609,UI/UX Design,IBA Karachi,BS Computer Science,8,2026,Lahore,3.55,4.0,368,513,6,1,0,30,Normal,1,1,1,2,1,10080.0,10080.0,1,1,0,0,0,0,0,3.8,0.19904,1,1.0,Typical pattern,2.1,Normal,no material alert signal
APP-2026-0429,2026-07-15 18:15:40,Sara Jatoi,sarajatoi1428@yahoo.com,+923041000428,DEV-0001,IPH-0059,CVH-10428,UI/UX Design,University of Sindh,BS Computer Science,6,2027,Faisalabad,2.28,4.0,532,421,10,1,0,20,Normal,1,1,1,2,1,10080.0,10080.0,1,1,0,0,0,0,0,27.2,0.18045,1,1.0,Typical pattern,13.8,Normal,no material alert signal
APP-2026-0535,2026-07-15 18:30:57,Bilal Chandio,bilalchandio1534@student.edu.pk,+923131000534,DEV-0492,IPH-0248,CVH-10534,UI/UX Design,COMSATS University,BS Computer Science,5,2028,Lahore,2.73,4.0,328,914,3,1,0,20,Normal,1,1,6,2,1,4109.78,6161.75,1,1,0,0,0,0,0,72.8,0.11539,1,1.0,Typical pattern,36.6,Normal,no material alert signal
APP-2026-0569,2026-07-15 19:00:29,Rida Rajput,ridarajput1568@outlook.com,+923231000568,DEV-0344,IPH-0019,CVH-10568,Data Analytics,SZABIST,BS Computer Science,6,2027,Islamabad,3.33,4.0,225,833,6,1,1,15,Normal,1,1,2,3,1,10080.0,10080.0,1,1,0,0,0,0,0,21.5,0.18654,1,1.0,Typical pattern,11.0,Normal,no material alert signal
APP-2026-0252,2026-07-15 19:10:43,Iqra Soomro,iqrasoomro1251@yahoo.com,+923041000251,DEV-0478,IPH-0139,CVH-10251,Business Intelligence,Shah Abdul Latif University,BBA,5,2029,Sukkur,3.52,4.0,289,818,7,1,1,20,Normal,1,1,1,1,1,10080.0,10080.0,1,1,0,0,0,0,0,8.9,0.19399,1,1.0,Typical pattern,4.6,Normal,no material alert signal
APP-2026-0396,2026-07-15 20:54:15,Huzaifa Ansari,huzaifaansari1395@gmail.com,+923001000395,DEV-0375,IPH-0385,CVH-10395,Data Analytics,University of Karachi,BS Data Science,8,2026,Faisalabad,3.59,4.0,809,319,6,1,1,20,Normal,1,1,1,2,1,10080.0,10080.0,1,1,0,0,0,0,0,45.1,0.1678,1,1.0,Typical pattern,22.8,Normal,no material alert signal
APP-2026-0600,2026-07-15 20:57:07,Maryam Narejo,maryamnarejo1599@gmail.com,+923021000599,DEV-0511,IPH-0048,CVH-10599,Data Analytics,Sukkur IBA University,BS Information Technology,7,2027,Islamabad,3.04,4.0,426,359,12,1,1,20,Normal,1,1,3,2,1,10080.0,10080.0,1,1,0,0,0,0,0,45.3,0.16757,1,1.0,Typical pattern,22.8,Normal,no material alert signal
APP-2026-0602,2026-07-15 21:14:35,Hira Ahmed,hiraahmed1601@yahoo.com,+923041000601,DEV-0097,IPH-0173,CVH-10601,Cloud & DevOps,SZABIST,BBA,6,2028,Khairpur,3.0,4.0,1170,215,4,0,1,40,Normal,1,1,2,2,1,10080.0,10080.0,1,1,0,0,0,0,0,72.6,0.11947,1,1.0,Typical pattern,36.5,Normal,no material alert signal
APP-2026-0266,2026-07-15 21:26:57,Hamza Malik,hamzamalik1265@gmail.com,+923011000265,DEV-0348,IPH-0189,CVH-10265,Cloud & DevOps,Shah Abdul Latif University,BBA,6,2027,Nawabshah,2.6,4.0,452,410,4,0,0,35,Normal,1,1,3,1,1,7440.72,10080.0,1,1,0,0,0,0,0,46.9,0.16643,1,1.0,Typical pattern,23.6,Normal,no material alert signal
APP-2026-0589,2026-07-16 08:43:15,Hania Iqbal,haniaiqbal1588@gmail.com,+923021000588,DEV-0167,IPH-0283,CVH-10588,Web Development,COMSATS University,BS Data Science,7,2028,Hyderabad,3.72,4.0,378,369,4,0,1,35,Normal,1,1,3,2,1,3926.15,10080.0,1,1,0,0,0,0,0,56.4,0.15722,1,1.0,Typical pattern,28.4,Normal,no material alert signal
APP-2026-0119,2026-07-16 10:08:47,Anaya Memon,anayamemon1118@student.edu.pk,+923211000118,DEV-0134,IPH-0309,CVH-10118,Web Development,FAST NUCES,BS Software Engineering,7,2027,Hyderabad,2.32,4.0,938,416,11,0,1,40,Normal,1,1,1,2,1,10080.0,10080.0,1,1,0,0,0,0,0,66.0,0.14065,1,1.0,Typical pattern,33.2,Normal,no material alert signal
APP-2026-0415,2026-07-16 10:18:25,Areeba Memon,areebamemon1414@yahoo.com,+923131000414,DEV-0040,IPH-0386,CVH-10414,QA & Testing,COMSATS University,BS Mathematics,8,2027,Khairpur,2.65,4.0,430,315,5,1,0,15,Normal,2,2,3,4,2,10080.0,10080.0,1,1,1,0,0,0,0,86.7,0.01998,3,70.5,Identity reuse pattern,72.6,High,duplicate identity/CV reuse
APP-2026-0204,2026-07-16 11:18:59,Fahad Iqbal,fahadiqbal1203@gmail.com,+923041000203,DEV-0242,IPH-0021,CVH-10203,Web Development,University of Karachi,BS Software Engineering,8,2026,Islamabad,2.79,4.0,375,577,8,1,0,35,Normal,1,1,1,3,1,10080.0,10080.0,1,1,0,0,0,0,0,13.6,0.19136,1,1.0,Typical pattern,7.0,Normal,no material alert signal
APP-2026-0150,2026-07-16 11:36:34,Hira Ansari,hiraansari1149@student.edu.pk,+923131000149,DEV-0543,IPH-0257,CVH-10149,Data Analytics,COMSATS University,BS Data Science,8,2027,Lahore,3.45,4.0,263,1395,14,0,1,30,Normal,1,1,3,5,1,10080.0,9786.85,1,1,0,0,0,0,0,74.7,0.10696,1,1.0,Typical pattern,37.6,Normal,no material alert signal
APP-2026-0514,2026-07-16 12:35:59,Ahmed Farooq,ahmedfarooq1513@yahoo.com,+923211000513,DEV-0299,IPH-0276,CVH-10513,UI/UX Design,Mehran UET,BS Computer Science,6,2027,Hyderabad,3.11,4.0,447,452,9,1,0,25,Normal,1,1,3,4,1,10005.52,4241.83,1,1,0,0,0,0,0,32.5,0.17665,1,1.0,Typical pattern,16.4,Normal,no material alert signal
APP-2026-0225,2026-07-16 13:36:38,Komal Rind,komalrind1224@outlook.com,+923341000224,DEV-0361,IPH-0109,CVH-10224,Business Intelligence,SZABIST,BBA,8,2026,Sukkur,2.87,4.0,187,560,5,1,1,15,Normal,1,1,1,3,1,10080.0,10080.0,1,1,0,0,0,0,0,37.2,0.17404,1,1.0,Typical pattern,18.8,Normal,no material alert signal
APP-2026-0218,2026-07-16 13:58:55,Rabia Farooq,rabiafarooq1217@yahoo.com,+923011000217,DEV-0131,IPH-0018,CVH-10217,Data Analytics,NED University,BS Information Technology,7,2027,Lahore,3.75,4.0,610,533,9,1,1,35,Normal,1,1,3,1,1,10080.0,10080.0,1,1,0,0,0,0,0,24.2,0.18386,1,1.0,Typical pattern,12.3,Normal,no material alert signal
APP-2026-0663,2026-07-16 15:20:25,Areeba Memon,areebamemon1414@yahoo.com,+923131000414,DEV-0040,IPH-0386,CVH-10414,Data Analytics,COMSATS University,BS Mathematics,8,2027,Lahore,2.65,4.0,58,315,5,1,0,15,Duplicate,2,2,3,4,2,302.0,302.0,2,2,1,1,0,0,1,91.8,-0.02134,3,70.5,Identity reuse pattern,88.2,Critical,duplicate identity/CV reuse; rapid or burst submission
APP-2026-0286,2026-07-16 15:37:50,Mehak Narejo,mehaknarejo1285@outlook.com,+923131000285,DEV-0017,IPH-0175,CVH-10285,Data Analytics,Mehran UET,BS Computer Science,7,2027,Islamabad,3.08,4.0,187,830,6,0,0,20,Normal,1,1,2,1,1,10080.0,10080.0,1,1,0,0,0,0,0,26.4,0.18115,1,1.0,Typical pattern,13.4,Normal,no material alert signal
APP-2026-0081,2026-07-16 15:51:03,Muneeb Shaikh,muneebshaikh1080@student.edu.pk,+923111000080,DEV-0063,IPH-0080,CVH-10080,Cloud & DevOps,SZABIST,BS Data Science,7,2027,Karachi,2.89,4.0,507,553,4,1,1,20,Normal,1,1,5,4,1,9662.83,10080.0,1,1,0,0,0,0,0,57.9,0.1549,1,1.0,Typical pattern,29.2,Normal,no material alert signal
APP-2026-0299,2026-07-16 17:09:10,Noor Khan,noorkhan1298@gmail.com,+923031000298,DEV-0227,IPH-0039,CVH-10298,Data Analytics,Shah Abdul Latif University,BS Data Science,8,2026,Peshawar,3.25,4.0,391,998,7,1,0,40,Normal,1,1,4,6,1,10080.0,10080.0,1,1,0,0,0,0,0,67.4,0.13742,1,1.0,Typical pattern,33.9,Normal,no material alert signal
APP-2026-0253,2026-07-16 17:22:54,Sana Rajput,sanarajput1252@yahoo.com,+923131000252,DEV-0118,IPH-0288,CVH-10252,Web Development,Shah Abdul Latif University,BS Computer Science,7,2027,Lahore,2.88,4.0,225,755,7,0,0,15,Normal,1,1,1,1,1,10080.0,10080.0,1,1,0,0,0,0,0,35.6,0.1753,1,1.0,Typical pattern,18.0,Normal,no material alert signal
APP-2026-0248,2026-07-16 17:47:53,Laiba Mirza,laibamirza1247@student.edu.pk,+923321000247,DEV-0496,IPH-0231,CVH-10247,Web Development,Shah Abdul Latif University,BS Computer Science,8,2026,Hyderabad,2.79,4.0,262,774,10,1,1,20,Normal,1,1,3,1,1,10080.0,10080.0,1,1,0,0,0,0,0,20.6,0.18689,1,1.0,Typical pattern,10.5,Normal,no material alert signal
APP-2026-0364,2026-07-16 18:30:54,Waleed Rind,waleedrind1363@outlook.com,+923231000363,DEV-0320,IPH-0319,CVH-10363,QA & Testing,SZABIST,BS Data Science,8,2026,Lahore,3.17,4.0,231,538,7,0,1,20,Normal,1,1,5,5,1,10080.0,5881.05,1,1,0,0,0,0,0,69.2,0.13462,1,1.0,Typical pattern,34.8,Normal,no material alert signal
APP-2026-0172,2026-07-16 19:22:53,Nimra Narejo,nimranarejo1171@student.edu.pk,+923151000171,DEV-0293,IPH-0117,CVH-10171,Business Intelligence,NED University,BS Data Science,5,2028,Hyderabad,2.74,4.0,166,537,12,0,1,20,Normal,1,1,3,3,1,10080.0,4496.15,1,1,0,0,0,0,0,69.7,0.13384,1,1.0,Typical pattern,35.1,Normal,no material alert signal
APP-2026-0086,2026-07-16 20:20:43,Bilal Memon,bilalmemon1085@outlook.com,+923211000085,DEV-0107,IPH-0053,CVH-10085,UI/UX Design,COMSATS University,BBA,7,2027,Karachi,2.54,4.0,368,543,3,1,1,25,Normal,1,1,1,3,1,10080.0,10080.0,1,1,0,0,0,0,0,24.9,0.18252,1,1.0,Typical pattern,12.6,Normal,no material alert signal
APP-2026-0308,2026-07-16 20:30:21,Taha Mirza,tahamirza1307@outlook.com,+923331000307,DEV-0502,IPH-0320,CVH-10307,Data Analytics,IBA Karachi,BS Software Engineering,5,2028,Multan,2.67,4.0,605,699,6,0,0,35,Normal,1,1,4,1,1,6000.5,10080.0,1,1,0,0,0,0,0,46.5,0.16655,1,1.0,Typical pattern,23.4,Normal,no material alert signal
APP-2026-0339,2026-07-16 21:57:23,Nimra Narejo,nimranarejo1338@yahoo.com,+923231000338,DEV-0423,IPH-0091,CVH-10338,UI/UX Design,COMSATS University,BS Computer Science,8,2026,Lahore,2.4,4.0,273,1066,4,1,1,40,Normal,1,1,1,4,1,10080.0,4502.55,1,1,0,0,0,0,0,66.8,0.13886,1,1.0,Typical pattern,33.6,Normal,no material alert signal
APP-2026-0613,2026-07-16 22:08:07,Taha Jatoi,tahajatoi1612@gmail.com,+923341000612,DEV-0211,IPH-0257,CVH-10612,Business Intelligence,FAST NUCES,BS Computer Science,6,2027,Faisalabad,3.15,4.0,482,836,7,1,0,30,Normal,1,1,1,5,1,10080.0,631.55,1,2,0,0,0,0,0,74.0,0.10921,1,1.0,Typical pattern,37.2,Normal,no material alert signal
APP-2026-0542,2026-07-16 23:34:53,Nimra Siddiqui,nimrasiddiqui1541@gmail.com,+923151000541,DEV-0358,IPH-0335,CVH-10541,Business Intelligence,University of Sindh,BS Information Technology,5,2028,Lahore,2.31,4.0,716,882,13,0,1,20,Normal,1,1,2,4,1,10080.0,7489.58,1,1,0,0,0,0,0,67.8,0.13652,1,1.0,Typical pattern,34.1,Normal,no material alert signal
APP-2026-0326,2026-07-16 23:58:39,Fatima Farooq,fatimafarooq1325@yahoo.com,+923151000325,DEV-0188,IPH-0303,CVH-10325,Business Intelligence,University of Karachi,BS Computer Science,8,2026,Karachi,2.83,4.0,311,775,6,0,1,25,Normal,1,1,2,5,1,10080.0,10080.0,1,1,0,0,0,0,0,22.4,0.18581,1,1.0,Typical pattern,11.4,Normal,no material alert signal
APP-2026-0594,2026-07-17 09:30:05,Sara Baloch,sarabaloch1593@student.edu.pk,+923121000593,DEV-0214,IPH-0303,CVH-10593,Data Analytics,University of Sindh,BS Computer Science,7,2028,Karachi,3.31,4.0,314,992,10,0,0,35,Normal,1,1,1,5,1,10080.0,571.43,1,2,0,0,0,0,0,80.1,0.07072,1,1.0,Typical pattern,40.2,Normal,no material alert signal
APP-2026-0509,2026-07-17 09:47:41,Laiba Soomro,laibasoomro1508@student.edu.pk,+923341000508,DEV-0286,IPH-0046,CVH-10508,Web Development,NED University,BS Computer Science,6,2027,Hyderabad,3.01,4.0,370,442,14,0,0,25,Normal,1,1,2,3,1,10080.0,3074.17,1,1,0,0,0,0,0,72.2,0.12227,1,1.0,Typical pattern,36.3,Normal,no material alert signal
APP-2026-0132,2026-07-17 12:18:27,Nimra Jatoi,nimrajatoi1131@gmail.com,+923321000131,DEV-0219,IPH-0434,CVH-10131,Web Development,Sukkur IBA University,BS Software Engineering,8,2026,Karachi,2.83,4.0,379,723,9,0,1,15,Normal,1,1,2,1,1,10080.0,10080.0,1,1,0,0,0,0,0,30.6,0.17844,1,1.0,Typical pattern,15.5,Normal,no material alert signal
APP-2026-0096,2026-07-17 12:53:28,Iqra Shaikh,iqrashaikh1095@gmail.com,+923111000095,DEV-0329,IPH-0295,CVH-10095,Data Analytics,IBA Karachi,BS Information Technology,5,2028,Islamabad,2.89,4.0,413,690,5,1,1,40,Normal,1,1,2,6,1,10080.0,7228.42,1,1,0,0,0,0,0,62.6,0.14649,1,1.0,Typical pattern,31.5,Normal,no material alert signal
APP-2026-0546,2026-07-17 13:33:14,Maryam Khan,maryamkhan1545@student.edu.pk,+923111000545,DEV-0192,IPH-0007,CVH-10545,Web Development,COMSATS University,BS Information Technology,7,2027,Karachi,2.6,4.0,232,462,9,1,1,30,Normal,1,1,1,1,1,10080.0,10080.0,1,1,0,0,0,0,0,25.0,0.18245,1,1.0,Typical pattern,12.7,Normal,no material alert signal
APP-2026-0180,2026-07-17 14:10:48,Aqsa Ahmed,aqsaahmed1179@gmail.com,+923151000179,DEV-0258,IPH-0229,CVH-10179,Cloud & DevOps,University of Karachi,BS Software Engineering,8,2027,Multan,3.65,4.0,343,1069,7,1,1,20,Normal,1,1,2,2,1,10080.0,3842.27,1,1,0,0,0,0,0,22.6,0.1855,1,1.0,Typical pattern,11.5,Normal,no material alert signal
APP-2026-0124,2026-07-17 14:25:26,Komal Baloch,komalbaloch1123@outlook.com,+923341000123,DEV-0332,IPH-0026,CVH-10123,UI/UX Design,NED University,BS Information Technology,8,2027,Lahore,2.98,4.0,317,571,6,0,0,30,Normal,1,1,2,1,1,10080.0,10080.0,1,1,0,0,0,0,0,4.4,0.19808,1,1.0,Typical pattern,2.4,Normal,no material alert signal
APP-2026-0189,2026-07-17 15:06:41,Zara Farooq,zarafarooq1188@gmail.com,+923311000188,DEV-0319,IPH-0438,CVH-10188,Cloud & DevOps,SZABIST,BS Software Engineering,7,2027,Sukkur,3.2,4.0,244,741,6,0,1,30,Normal,1,1,1,3,1,10080.0,10080.0,1,1,0,0,0,0,0,9.2,0.1939,1,1.0,Typical pattern,4.8,Normal,no material alert signal
APP-2026-0117,2026-07-17 15:16:47,Ahmed Rind,ahmedrind1116@outlook.com,+923311000116,DEV-0299,IPH-0079,CVH-10116,QA & Testing,SZABIST,BS Software Engineering,8,2026,Islamabad,2.31,4.0,210,753,5,1,0,25,Normal,1,1,3,4,1,1600.8,10080.0,1,1,0,0,0,0,0,61.0,0.14957,1,1.0,Typical pattern,30.7,Normal,no material alert signal
APP-2026-0113,2026-07-17 15:37:11,Waleed Ansari,waleedansari1112@outlook.com,+923031000112,DEV-0399,IPH-0322,CVH-10112,QA & Testing,Sukkur IBA University,BS Computer Science,6,2027,Multan,3.63,4.0,641,739,13,1,0,30,Normal,1,1,2,6,1,10080.0,8453.42,1,1,0,0,0,0,0,71.2,0.1276,1,1.0,Typical pattern,35.8,Normal,no material alert signal
APP-2026-0332,2026-07-17 16:19:20,Nimra Soomro,nimrasoomro1331@yahoo.com,+923171000331,DEV-0521,IPH-0143,CVH-10331,Business Intelligence,FAST NUCES,BS Mathematics,7,2027,Karachi,2.89,4.0,340,777,8,1,0,40,Normal,1,1,5,2,1,7517.37,10080.0,1,1,0,0,0,0,0,58.2,0.15389,1,1.0,Typical pattern,29.3,Normal,no material alert signal
APP-2026-0122,2026-07-17 22:45:27,Mehak Rind,mehakrind1121@yahoo.com,+923161000121,DEV-0121,IPH-0143,CVH-10121,Data Analytics,University of Karachi,BS Computer Science,8,2026,Karachi,3.29,4.0,607,484,5,1,1,25,Normal,1,1,3,2,1,10080.0,386.12,1,2,0,0,0,0,0,74.2,0.1083,1,1.0,Typical pattern,37.3,Normal,no material alert signal
APP-2026-0134,2026-07-18 09:50:04,Saad Jatoi,saadjatoi1133@outlook.com,+923341000133,DEV-0040,IPH-0029,CVH-10133,QA & Testing,University of Karachi,BS Computer Science,6,2028,Islamabad,3.23,4.0,579,1024,2,0,1,30,Normal,1,1,3,1,1,2549.65,10080.0,1,1,0,0,0,0,0,71.1,0.12911,1,1.0,Typical pattern,35.8,Normal,no material alert signal
APP-2026-0344,2026-07-18 10:27:08,Fatima Shaikh,fatimashaikh1343@outlook.com,+923001000343,DEV-0007,IPH-0386,CVH-10343,Data Analytics,SZABIST,BS Information Technology,6,2027,Khairpur,3.91,4.0,572,857,5,1,0,25,Normal,1,1,2,4,1,10080.0,2586.72,1,1,0,0,0,0,0,34.0,0.17602,1,1.0,Typical pattern,17.2,Normal,no material alert signal
APP-2026-0601,2026-07-18 10:29:41,Maryam Soomro,maryamsoomro1600@gmail.com,+923011000600,DEV-0194,IPH-0224,CVH-10600,Data Analytics,NED University,BS Computer Science,8,2026,Nawabshah,3.01,4.0,335,825,4,0,0,25,Normal,1,1,2,3,1,10080.0,10080.0,1,1,0,0,0,0,0,13.9,0.19111,1,1.0,Typical pattern,7.2,Normal,no material alert signal
APP-2026-0637,2026-07-18 12:01:40,Mahnoor Abbasi,mahnoorabbasi1636@student.edu.pk,+923231000636,DEV-0097,IPH-0173,CVH-10636,Data Analytics,Shah Abdul Latif University,BS Computer Science,8,2027,Lahore,2.29,4.0,274,932,6,0,1,15,Normal,1,1,2,2,1,3767.08,3767.08,1,1,0,0,0,0,0,65.6,0.14231,1,1.0,Typical pattern,33.0,Normal,no material alert signal
APP-2026-0347,2026-07-18 12:33:18,Zara Qureshi,zaraqureshi1346@student.edu.pk,+923041000346,DEV-0090,IPH-0177,CVH-10346,UI/UX Design,IBA Karachi,BS Computer Science,8,2026,Nawabshah,3.33,4.0,510,463,9,1,0,30,Normal,2,2,3,7,2,10080.0,9650.27,1,1,1,0,0,0,0,87.6,0.00633,3,70.5,Identity reuse pattern,73.1,High,duplicate identity/CV reuse
APP-2026-0672,2026-07-18 12:34:33,Zara Qureshi,zaraqureshi1346@student.edu.pk,+923041000346,DEV-0090,IPH-0177,CVH-10346,QA & Testing,IBA Karachi,BS Computer Science,8,2026,Nawabshah,3.33,4.0,102,463,9,1,0,30,Multi-signal,2,2,3,7,2,1.25,1.25,2,2,1,1,0,0,1,97.1,-0.06401,3,70.5,Identity reuse pattern,90.8,Critical,duplicate identity/CV reuse; rapid or burst submission
APP-2026-0046,2026-07-18 12:36:18,Sajawal Iqbal,sajawaliqbal1045@yahoo.com,+923001000045,DEV-0302,IPH-0180,CVH-10045,UI/UX Design,Sukkur IBA University,BS Computer Science,8,2026,Khairpur,2.84,4.0,589,882,11,0,0,30,Normal,1,1,2,1,1,10080.0,10080.0,1,1,0,0,0,0,0,33.5,0.17632,1,1.0,Typical pattern,17.0,Normal,no material alert signal
APP-2026-0079,2026-07-18 14:00:21,Bilal Ahmed,bilalahmed1078@student.edu.pk,+923031000078,DEV-0060,IPH-0423,CVH-10078,Data Analytics,University of Karachi,BS Data Science,5,2029,Hyderabad,2.91,4.0,357,621,10,1,0,30,Normal,1,1,3,2,1,5770.8,10080.0,1,1,0,0,0,0,0,14.9,0.19076,1,1.0,Typical pattern,7.6,Normal,no material alert signal
APP-2026-0238,2026-07-18 16:00:14,Hassan Soomro,hassansoomro1237@yahoo.com,+923151000237,DEV-0549,IPH-0239,CVH-10237,Data Analytics,Mehran UET,BS Mathematics,7,2027,Faisalabad,3.39,4.0,507,627,5,0,1,40,Normal,1,1,3,4,1,10080.0,7393.45,1,1,0,0,0,0,0,47.1,0.16641,1,1.0,Typical pattern,23.8,Normal,no material alert signal
APP-2026-0190,2026-07-18 17:09:59,Komal Shaikh,komalshaikh1189@gmail.com,+923001000189,DEV-0524,IPH-0223,CVH-10189,Cloud & DevOps,NED University,BS Computer Science,8,2026,Karachi,2.99,4.0,608,191,8,1,0,25,Normal,1,1,2,1,1,10080.0,10080.0,1,1,0,0,0,0,0,47.9,0.16551,1,1.0,Typical pattern,24.2,Normal,no material alert signal
APP-2026-0458,2026-07-18 17:38:11,Sajawal Soomro,sajawalsoomro1457@outlook.com,+923201000457,DEV-0388,IPH-0133,CVH-10457,Web Development,COMSATS University,BS Computer Science,7,2028,Karachi,3.18,4.0,518,997,3,0,0,30,Normal,1,1,3,2,1,10080.0,10080.0,1,1,0,0,0,0,0,33.8,0.17616,1,1.0,Typical pattern,17.1,Normal,no material alert signal
APP-2026-0471,2026-07-18 17:51:46,Taha Soomro,tahasoomro1470@student.edu.pk,+923131000470,DEV-0122,IPH-0062,CVH-10470,Cloud & DevOps,FAST NUCES,BS Mathematics,7,2027,Faisalabad,3.08,4.0,329,803,5,0,1,25,Normal,1,1,1,4,1,10080.0,6026.08,1,1,0,0,0,0,0,31.8,0.17752,1,1.0,Typical pattern,16.1,Normal,no material alert signal
APP-2026-0377,2026-07-18 18:38:56,Laiba Ahmed,laibaahmed1376@outlook.com,+923021000376,DEV-0502,IPH-0269,CVH-10376,QA & Testing,Shah Abdul Latif University,BS Data Science,6,2027,Islamabad,3.14,4.0,893,579,7,0,0,30,Normal,1,1,4,1,1,2768.58,10080.0,1,1,0,0,0,0,0,63.2,0.14558,1,1.0,Typical pattern,31.8,Normal,no material alert signal
APP-2026-0389,2026-07-18 18:43:20,Hania Chandio,haniachandio1388@gmail.com,+923121000388,DEV-0413,IPH-0224,CVH-10388,Web Development,Shah Abdul Latif University,BS Computer Science,8,2026,Multan,2.69,4.0,446,959,12,1,0,25,Normal,1,1,2,3,1,10080.0,493.65,1,2,0,0,0,0,0,75.8,0.10018,1,1.0,Typical pattern,38.1,Normal,no material alert signal
APP-2026-0085,2026-07-18 18:56:05,Huzaifa Malik,huzaifamalik1084@student.edu.pk,+923041000084,DEV-0330,IPH-0278,CVH-10084,UI/UX Design,University of Sindh,BBA,7,2027,Lahore,2.56,4.0,153,628,4,1,0,20,Normal,1,1,1,1,1,10080.0,10080.0,1,1,0,0,0,0,0,42.4,0.16934,1,1.0,Typical pattern,21.4,Normal,no material alert signal
APP-2026-0322,2026-07-18 19:09:24,Zara Narejo,zaranarejo1321@yahoo.com,+923201000321,DEV-0181,IPH-0198,CVH-10321,Business Intelligence,COMSATS University,BS Computer Science,5,2028,Multan,3.7,4.0,315,180,13,1,0,40,Normal,1,1,1,3,1,10080.0,10080.0,1,1,0,0,0,0,0,75.4,0.10282,1,1.0,Typical pattern,37.9,Normal,no material alert signal
APP-2026-0620,2026-07-18 19:11:04,Hassan Rind,hassanrind1619@yahoo.com,+923031000619,DEV-0063,IPH-0096,CVH-10619,Data Analytics,IBA Karachi,BS Software Engineering,8,2027,Hyderabad,3.45,4.0,302,1101,11,1,1,30,Normal,1,1,5,2,1,3080.02,10080.0,1,1,0,0,0,0,0,69.4,0.13446,1,1.0,Typical pattern,34.9,Normal,no material alert signal
APP-2026-0153,2026-07-18 19:23:25,Hassan Rind,hassanrind1152@yahoo.com,+923231000152,DEV-0351,IPH-0181,CVH-10152,Cloud & DevOps,NED University,BS Data Science,5,2028,Islamabad,2.95,4.0,440,1115,7,0,0,40,Normal,2,2,2,5,2,10080.0,6929.32,1,1,1,0,0,0,0,88.9,0.00033,3,70.5,Identity reuse pattern,73.8,High,duplicate identity/CV reuse
APP-2026-0606,2026-07-18 21:32:58,Fatima Soomro,fatimasoomro1605@gmail.com,+923341000605,DEV-0063,IPH-0022,CVH-10605,Data Analytics,Mehran UET,BS Data Science,8,2026,Sukkur,3.08,4.0,335,761,6,1,1,35,Normal,1,1,5,1,1,141.9,10080.0,2,1,0,0,0,0,0,83.1,0.05026,1,1.0,Typical pattern,43.0,Normal,no material alert signal
APP-2026-0198,2026-07-18 21:59:11,Laiba Memon,laibamemon1197@yahoo.com,+923311000197,DEV-0253,IPH-0057,CVH-10197,Data Analytics,COMSATS University,BS Computer Science,7,2027,Faisalabad,2.64,4.0,436,523,6,0,1,25,Normal,1,1,2,2,1,10080.0,10080.0,1,1,0,0,0,0,0,1.8,0.20146,1,1.0,Typical pattern,1.1,Normal,no material alert signal
APP-2026-0641,2026-07-18 23:28:25,Hassan Rind,hassanrind1152@yahoo.com,+923231000152,DEV-0351,IPH-0181,CVH-10152,Cloud & DevOps,NED University,BS Data Science,5,2028,Islamabad,2.95,4.0,72,1115,7,0,0,40,Duplicate,2,2,2,5,2,245.0,245.0,2,2,1,0,0,0,1,93.6,-0.03248,3,70.5,Identity reuse pattern,77.3,Critical,duplicate identity/CV reuse
APP-2026-0712,2026-07-19 09:33:00,Sara Jatoi,sarajatoi10712@outlook.com,+923131009712,DEV-I0712,IPH-I0712,CVH-I00712,Data Analytics,IBA Karachi,BS Software Engineering,7,2027,Lahore,2.4,4.0,263,80,4,0,0,95,Inconsistent,1,1,1,1,1,10080.0,10080.0,1,1,0,0,1,1,1,93.8,-0.03355,0,53.9,Data inconsistency pattern,71.6,High,inconsistent application data
APP-2026-0005,2026-07-19 10:21:20,Zara Baloch,zarabaloch1004@student.edu.pk,+923341000004,DEV-0148,IPH-0350,CVH-10004,Cloud & DevOps,IBA Karachi,BS Mathematics,8,2026,Hyderabad,2.89,4.0,267,638,6,0,0,25,Normal,1,1,1,1,1,10080.0,10080.0,1,1,0,0,0,0,0,9.9,0.1937,1,1.0,Typical pattern,5.2,Normal,no material alert signal
APP-2026-0270,2026-07-19 11:35:50,Hassan Khan,hassankhan1269@outlook.com,+923161000269,DEV-0261,IPH-0211,CVH-10269,QA & Testing,SZABIST,BS Software Engineering,7,2028,Khairpur,2.73,4.0,171,628,14,1,0,25,Normal,1,1,1,1,1,10080.0,10080.0,1,1,0,0,0,0,0,70.6,0.13044,1,1.0,Typical pattern,35.5,Normal,no material alert signal
APP-2026-0237,2026-07-19 11:39:44,Sajawal Siddiqui,sajawalsiddiqui1236@yahoo.com,+923161000236,DEV-0194,IPH-0388,CVH-10236,Business Intelligence,Shah Abdul Latif University,BBA,5,2028,Peshawar,3.25,4.0,298,335,11,1,0,20,Normal,1,1,2,2,1,1510.05,9660.0,1,1,0,0,0,0,0,70.4,0.13092,1,1.0,Typical pattern,35.4,Normal,no material alert signal
APP-2026-0047,2026-07-19 12:27:36,Anaya Malik,anayamalik1046@outlook.com,+923131000046,DEV-0161,IPH-0099,CVH-10046,QA & Testing,Mehran UET,BS Computer Science,6,2027,Karachi,3.24,4.0,399,462,8,1,1,35,Normal,1,1,3,1,1,10080.0,10080.0,1,1,0,0,0,0,0,18.6,0.18821,1,1.0,Typical pattern,9.5,Normal,no material alert signal
APP-2026-0160,2026-07-19 13:27:28,Dua Jatoi,duajatoi1159@outlook.com,+923111000159,DEV-0226,IPH-0040,CVH-10159,Business Intelligence,SZABIST,BS Computer Science,8,2026,Islamabad,2.24,4.0,424,568,13,0,0,15,Normal,1,1,4,4,1,8898.93,10080.0,1,1,0,0,0,0,0,72.5,0.12085,1,1.0,Typical pattern,36.4,Normal,no material alert signal
APP-2026-0533,2026-07-19 13:46:15,Usman Narejo,usmannarejo1532@yahoo.com,+923041000532,DEV-0395,IPH-0098,CVH-10532,Data Analytics,FAST NUCES,BS Computer Science,6,2027,Lahore,2.24,4.0,469,474,9,1,0,30,Normal,1,1,2,1,1,10080.0,10080.0,1,1,0,0,0,0,0,6.2,0.1968,1,1.0,Typical pattern,3.3,Normal,no material alert signal
APP-2026-0707,2026-07-19 13:52:00,Rida Rind,ridarind10707@gmail.com,+923011009707,DEV-I0707,IPH-I0707,CVH-I00707,Business Intelligence,SZABIST,BS Computer Science,5,2025,Karachi,3.1,4.0,326,898,11,1,1,35,Inconsistent,1,1,1,1,1,10080.0,10080.0,1,1,0,0,1,1,0,80.8,0.06816,0,53.9,Data inconsistency pattern,65.1,High,inconsistent application data
APP-2026-0052,2026-07-19 14:15:15,Mahnoor Malik,mahnoormalik1051@student.edu.pk,+923051000051,DEV-0074,IPH-0235,CVH-10051,Business Intelligence,University of Karachi,BBA,7,2028,Lahore,3.11,4.0,545,717,9,1,0,30,Normal,1,1,1,5,1,10080.0,10080.0,1,1,0,0,0,0,0,33.3,0.17632,1,1.0,Typical pattern,16.8,Normal,no material alert signal
APP-2026-0517,2026-07-19 14:17:21,Rabia Siddiqui,rabiasiddiqui1516@gmail.com,+923321000516,DEV-0259,IPH-0274,CVH-10516,Data Analytics,Sukkur IBA University,BS Computer Science,7,2027,Khairpur,2.64,4.0,216,1042,5,1,1,25,Normal,1,1,3,1,1,6728.82,10080.0,1,1,0,0,0,0,0,30.3,0.17855,1,1.0,Typical pattern,15.4,Normal,no material alert signal
APP-2026-0094,2026-07-19 14:33:28,Sajawal Qureshi,sajawalqureshi1093@yahoo.com,+923311000093,DEV-0093,IPH-0064,CVH-10093,Web Development,FAST NUCES,BS Computer Science,8,2027,Multan,3.19,4.0,722,697,6,0,1,20,Normal,1,1,1,1,1,10080.0,10080.0,1,1,0,0,0,0,0,27.8,0.17995,1,1.0,Typical pattern,14.1,Normal,no material alert signal
APP-2026-0468,2026-07-19 14:37:09,Rayyan Jatoi,rayyanjatoi1467@outlook.com,+923331000467,DEV-0161,IPH-0431,CVH-10467,UI/UX Design,COMSATS University,BS Data Science,8,2027,Khairpur,2.86,4.0,811,713,11,0,0,35,Normal,1,1,3,3,1,129.55,10080.0,2,1,0,0,0,0,0,85.6,0.02889,1,1.0,Typical pattern,44.2,Normal,no material alert signal
APP-2026-0220,2026-07-19 15:00:58,Hamza Shaikh,hamzashaikh1219@gmail.com,+923211000219,DEV-0191,IPH-0025,CVH-10219,UI/UX Design,NED University,BS Data Science,7,2027,Sukkur,3.06,4.0,481,211,10,1,1,15,Normal,1,1,2,3,1,10080.0,10080.0,1,1,0,0,0,0,0,62.1,0.14719,1,1.0,Typical pattern,31.2,Normal,no material alert signal
APP-2026-0139,2026-07-19 15:52:07,Hassan Narejo,hassannarejo1138@yahoo.com,+923001000138,DEV-0155,IPH-0361,CVH-10138,Data Analytics,SZABIST,BS Software Engineering,6,2028,Nawabshah,3.31,4.0,559,391,5,1,0,20,Normal,1,1,3,2,1,8784.93,10080.0,1,1,0,0,0,0,0,18.2,0.18853,1,1.0,Typical pattern,9.3,Normal,no material alert signal
APP-2026-0310,2026-07-19 17:59:01,Sana Baloch,sanabaloch1309@gmail.com,+923321000309,DEV-0519,IPH-0215,CVH-10309,Web Development,SZABIST,BS Mathematics,8,2026,Karachi,3.2,4.0,321,724,7,0,0,25,Normal,1,1,3,1,1,8952.23,10080.0,1,1,0,0,0,0,0,7.9,0.19512,1,1.0,Typical pattern,4.2,Normal,no material alert signal
APP-2026-0110,2026-07-19 18:40:14,Nimra Baloch,nimrabaloch1109@yahoo.com,+923011000109,DEV-0257,IPH-0295,CVH-10109,UI/UX Design,NED University,BS Software Engineering,7,2027,Sukkur,2.8,4.0,412,1064,7,0,1,15,Normal,1,1,1,6,1,10080.0,3226.77,1,1,0,0,0,0,0,71.5,0.12466,1,1.0,Typical pattern,36.0,Normal,no material alert signal
APP-2026-0572,2026-07-19 20:14:58,Hania Abbasi,haniaabbasi1571@student.edu.pk,+923021000571,DEV-0056,IPH-0030,CVH-10571,UI/UX Design,Shah Abdul Latif University,BS Mathematics,8,2026,Hyderabad,3.12,4.0,966,356,5,1,1,20,Normal,1,1,3,1,1,10080.0,10080.0,1,1,0,0,0,0,0,49.2,0.16479,1,1.0,Typical pattern,24.8,Normal,no material alert signal
APP-2026-0526,2026-07-19 20:27:36,Sana Shaikh,sanashaikh1525@gmail.com,+923311000525,DEV-0522,IPH-0295,CVH-10525,Business Intelligence,NED University,BS Data Science,7,2027,Sukkur,3.36,4.0,522,427,9,1,1,40,Normal,1,1,2,6,1,10080.0,107.37,1,2,0,0,0,0,0,81.4,0.06167,1,1.0,Typical pattern,40.9,Normal,no material alert signal
APP-2026-0551,2026-07-19 20:55:02,Noor Ansari,nooransari1550@outlook.com,+923311000550,DEV-0108,IPH-0125,CVH-10550,Data Analytics,University of Sindh,BS Computer Science,8,2026,Nawabshah,3.65,4.0,378,524,11,1,0,30,Normal,1,1,5,1,1,10080.0,10080.0,1,1,0,0,0,0,0,56.8,0.15623,1,1.0,Typical pattern,28.6,Normal,no material alert signal
APP-2026-0282,2026-07-19 21:00:59,Areeba Abbasi,areebaabbasi1281@yahoo.com,+923211000281,DEV-0341,IPH-0028,CVH-10281,UI/UX Design,COMSATS University,BS Software Engineering,6,2027,Islamabad,3.46,4.0,437,1342,6,1,0,30,Normal,1,1,1,4,1,10080.0,10080.0,1,1,0,0,0,0,0,32.1,0.17701,1,1.0,Typical pattern,16.2,Normal,no material alert signal
APP-2026-0040,2026-07-19 22:58:35,Anaya Iqbal,anayaiqbal1039@outlook.com,+923011000039,DEV-0457,IPH-0380,CVH-10039,Cloud & DevOps,University of Karachi,BS Information Technology,6,2027,Karachi,2.87,4.0,417,645,9,0,1,25,Normal,1,1,4,2,1,10080.0,10080.0,1,1,0,0,0,0,0,21.0,0.18673,1,1.0,Typical pattern,10.7,Normal,no material alert signal
APP-2026-0077,2026-07-20 10:51:52,Hira Rajput,hirarajput1076@yahoo.com,+923331000076,DEV-0063,IPH-0133,CVH-10076,Web Development,Mehran UET,BS Computer Science,6,2028,Sukkur,2.72,4.0,885,1264,6,1,1,20,Normal,1,1,5,2,1,2238.9,2473.68,1,1,0,0,0,0,0,77.2,0.09256,1,1.0,Typical pattern,38.8,Normal,no material alert signal
APP-2026-0708,2026-07-20 11:32:00,Fatima Shaikh,fatimashaikh10708@gmail.com,+923111009708,DEV-I0708,IPH-I0708,CVH-I00708,UI/UX Design,SZABIST,BS Software Engineering,6,2027,Hyderabad,3.63,4.0,348,71,4,1,1,80,Inconsistent,1,1,1,1,1,10080.0,10080.0,1,1,0,0,1,1,1,91.9,-0.0223,0,53.9,Data inconsistency pattern,70.6,High,inconsistent application data
APP-2026-0574,2026-07-20 13:19:18,Dua Malik,duamalik1573@gmail.com,+923311000573,DEV-0066,IPH-0182,CVH-10573,Business Intelligence,Shah Abdul Latif University,BS Information Technology,8,2026,Karachi,3.11,4.0,419,867,7,0,0,40,Normal,1,1,1,1,1,10080.0,10080.0,1,1,0,0,0,0,0,31.7,0.17778,1,1.0,Typical pattern,16.0,Normal,no material alert signal
APP-2026-0335,2026-07-20 13:21:21,Ammar Ahmed,ammarahmed1334@outlook.com,+923021000334,DEV-0390,IPH-0068,CVH-10334,Business Intelligence,IBA Karachi,BS Data Science,8,2026,Nawabshah,2.96,4.0,242,584,10,1,0,30,Normal,1,1,4,1,1,8591.72,10080.0,1,1,0,0,0,0,0,39.7,0.17201,1,1.0,Typical pattern,20.0,Normal,no material alert signal
APP-2026-0494,2026-07-20 14:02:42,Aiman Narejo,aimannarejo1493@outlook.com,+923051000493,DEV-0144,IPH-0294,CVH-10493,Data Analytics,Shah Abdul Latif University,BS Computer Science,8,2027,Nawabshah,3.61,4.0,247,966,9,1,1,35,Normal,1,1,1,2,1,10080.0,10080.0,1,1,0,0,0,0,0,28.5,0.17956,1,1.0,Typical pattern,14.4,Normal,no material alert signal
APP-2026-0446,2026-07-20 14:11:34,Hira Shaikh,hirashaikh1445@yahoo.com,+923231000445,DEV-0236,IPH-0192,CVH-10445,Cloud & DevOps,Mehran UET,BS Software Engineering,7,2027,Lahore,2.55,4.0,344,1366,10,0,1,15,Normal,1,1,1,1,1,10080.0,10080.0,1,1,0,0,0,0,0,60.7,0.14983,1,1.0,Typical pattern,30.6,Normal,no material alert signal
APP-2026-0549,2026-07-20 15:17:14,Muneeb Farooq,muneebfarooq1548@yahoo.com,+923041000548,DEV-0286,IPH-0081,CVH-10548,Web Development,FAST NUCES,BS Software Engineering,7,2028,Islamabad,2.7,4.0,520,1207,7,1,0,25,Normal,1,1,2,1,1,4649.55,10080.0,1,1,0,0,0,0,0,35.3,0.17538,1,1.0,Typical pattern,17.8,Normal,no material alert signal
APP-2026-0044,2026-07-20 15:35:36,Iqra Rajput,iqrarajput1043@student.edu.pk,+923311000043,DEV-0327,IPH-0019,CVH-10043,Web Development,Mehran UET,BS Computer Science,6,2028,Islamabad,3.36,4.0,538,647,11,0,1,40,Normal,1,1,2,3,1,10080.0,6995.12,1,1,0,0,0,0,0,53.8,0.15994,1,1.0,Typical pattern,27.1,Normal,no material alert signal
APP-2026-0163,2026-07-20 15:37:25,Nimra Farooq,nimrafarooq1162@gmail.com,+923131000162,DEV-0399,IPH-0308,CVH-10162,Data Analytics,IBA Karachi,BS Computer Science,7,2027,Hyderabad,3.43,4.0,576,665,10,1,1,35,Normal,1,1,2,5,1,4320.23,10080.0,1,1,0,0,0,0,0,64.4,0.14381,1,1.0,Typical pattern,32.4,Normal,no material alert signal
APP-2026-0145,2026-07-20 15:54:17,Taha Ali,tahaali1144@yahoo.com,+923041000144,DEV-0315,IPH-0308,CVH-10144,Web Development,Sukkur IBA University,BS Computer Science,8,2027,Khairpur,3.25,4.0,379,753,6,1,0,40,Normal,2,2,3,5,2,10080.0,16.87,1,2,1,0,0,0,1,91.2,-0.01834,3,70.5,Identity reuse pattern,74.9,High,duplicate identity/CV reuse
APP-2026-0472,2026-07-20 16:59:07,Muneeb Memon,muneebmemon1471@gmail.com,+923171000471,DEV-0226,IPH-0381,CVH-10471,UI/UX Design,Mehran UET,BS Mathematics,7,2028,Islamabad,2.54,4.0,342,1161,7,0,1,20,Normal,1,1,4,1,1,1651.65,10080.0,1,1,0,0,0,0,0,68.5,0.13564,1,1.0,Typical pattern,34.4,Normal,no material alert signal
APP-2026-0188,2026-07-20 17:10:14,Hassan Rind,hassanrind1187@yahoo.com,+923021000187,DEV-0080,IPH-0107,CVH-10187,Data Analytics,Sukkur IBA University,BS Software Engineering,7,2027,Faisalabad,2.42,4.0,529,294,7,1,0,20,Normal,1,1,3,3,1,10080.0,10080.0,1,1,0,0,0,0,0,20.7,0.18678,1,1.0,Typical pattern,10.5,Normal,no material alert signal
APP-2026-0478,2026-07-20 18:04:55,Mehak Jatoi,mehakjatoi1477@student.edu.pk,+923131000477,DEV-0465,IPH-0315,CVH-10477,UI/UX Design,SZABIST,BS Mathematics,7,2028,Karachi,3.0,4.0,353,483,6,1,1,30,Normal,1,1,2,1,1,10080.0,10080.0,1,1,0,0,0,0,0,2.2,0.20044,1,1.0,Typical pattern,1.3,Normal,no material alert signal
APP-2026-0173,2026-07-20 18:16:48,Bilal Jatoi,bilaljatoi1172@yahoo.com,+923131000172,DEV-0559,IPH-0079,CVH-10172,Data Analytics,SZABIST,BS Information Technology,7,2028,Lahore,2.94,4.0,221,526,9,1,1,25,Normal,1,1,2,4,1,10080.0,4500.02,1,1,0,0,0,0,0,28.7,0.17939,1,1.0,Typical pattern,14.6,Normal,no material alert signal
APP-2026-0120,2026-07-20 18:19:47,Hassan Siddiqui,hassansiddiqui1119@outlook.com,+923001000119,DEV-0249,IPH-0013,CVH-10119,Web Development,FAST NUCES,BS Information Technology,5,2028,Nawabshah,3.36,4.0,239,873,8,0,0,20,Normal,1,1,3,1,1,10080.0,10080.0,1,1,0,0,0,0,0,19.0,0.18798,1,1.0,Typical pattern,9.7,Normal,no material alert signal
APP-2026-0289,2026-07-20 18:43:14,Ammar Malik,ammarmalik1288@yahoo.com,+923171000288,DEV-0081,IPH-0284,CVH-10288,Web Development,FAST NUCES,BS Computer Science,6,2028,Karachi,3.21,4.0,305,801,11,1,1,30,Normal,1,1,2,1,1,10080.0,10080.0,1,1,0,0,0,0,0,21.4,0.18658,1,1.0,Typical pattern,10.9,Normal,no material alert signal
APP-2026-0177,2026-07-20 20:16:18,Zain Mirza,zainmirza1176@student.edu.pk,+923131000176,DEV-0223,IPH-0241,CVH-10176,Web Development,SZABIST,BS Software Engineering,6,2027,Lahore,2.96,4.0,126,604,13,1,1,40,Normal,1,1,2,3,1,10080.0,10080.0,1,1,0,0,0,0,0,71.8,0.12348,1,1.0,Typical pattern,36.1,Normal,no material alert signal
APP-2026-0001,2026-07-20 20:26:05,Ammar Jatoi,ammarjatoi1000@yahoo.com,+923021000000,DEV-0470,IPH-0203,CVH-10000,Business Intelligence,University of Sindh,BS Information Technology,8,2026,Lahore,2.92,4.0,680,832,7,0,0,40,Normal,1,1,4,1,1,10080.0,10080.0,1,1,0,0,0,0,0,50.4,0.16325,1,1.0,Typical pattern,25.4,Normal,no material alert signal
APP-2026-0028,2026-07-20 20:46:44,Sajawal Chandio,sajawalchandio1027@gmail.com,+923201000027,DEV-0131,IPH-0386,CVH-10027,Data Analytics,Sukkur IBA University,BBA,5,2028,Lahore,2.79,4.0,506,591,10,0,1,25,Normal,1,1,3,4,1,6167.82,3499.6,1,1,0,0,0,0,0,60.3,0.15024,1,1.0,Typical pattern,30.4,Normal,no material alert signal
APP-2026-0562,2026-07-20 22:01:09,Waleed Abbasi,waleedabbasi1561@outlook.com,+923231000561,DEV-0248,IPH-0179,CVH-10561,Cloud & DevOps,Mehran UET,BS Software Engineering,6,2027,Multan,3.47,4.0,359,968,3,1,0,40,Normal,1,1,1,1,1,10080.0,10080.0,1,1,0,0,0,0,0,54.0,0.15972,1,1.0,Typical pattern,27.2,Normal,no material alert signal
APP-2026-0643,2026-07-20 22:41:17,Taha Ali,tahaali1144@yahoo.com,+923041000144,DEV-0315,IPH-0308,CVH-10144,Web Development,Sukkur IBA University,BS Computer Science,8,2027,Khairpur,3.25,4.0,44,753,6,1,0,40,Duplicate,2,2,3,5,2,407.0,407.0,2,3,1,1,0,0,1,93.5,-0.0315,3,70.5,Identity reuse pattern,89.1,Critical,duplicate identity/CV reuse; rapid or burst submission
APP-2026-0311,2026-07-21 09:19:43,Areeba Malik,areebamalik1310@gmail.com,+923341000310,DEV-0216,IPH-0193,CVH-10310,Business Intelligence,COMSATS University,BS Computer Science,8,2026,Karachi,3.29,4.0,435,1152,9,0,1,25,Normal,1,1,2,4,1,10080.0,10080.0,1,1,0,0,0,0,0,30.0,0.17885,1,1.0,Typical pattern,15.2,Normal,no material alert signal
APP-2026-0434,2026-07-21 11:19:40,Maryam Narejo,maryamnarejo1433@outlook.com,+923131000433,DEV-0405,IPH-0304,CVH-10433,Web Development,IBA Karachi,BS Mathematics,5,2028,Karachi,3.24,4.0,937,1172,8,1,1,40,Normal,1,1,2,2,1,10080.0,10080.0,1,1,0,0,0,0,0,51.0,0.16281,1,1.0,Typical pattern,25.7,Normal,no material alert signal
APP-2026-0211,2026-07-21 11:42:42,Ammar Qureshi,ammarqureshi1210@outlook.com,+923001000210,DEV-0007,IPH-0167,CVH-10210,Business Intelligence,FAST NUCES,BS Software Engineering,6,2027,Lahore,2.57,4.0,414,642,10,1,1,15,Normal,1,1,2,3,1,4395.57,10080.0,1,1,0,0,0,0,0,49.9,0.16396,1,1.0,Typical pattern,25.2,Normal,no material alert signal
APP-2026-0716,2026-07-21 11:48:00,Mahnoor Ali,mahnoorali10716@outlook.com,+923111009716,DEV-I0716,IPH-I0716,CVH-I00716,Cloud & DevOps,Sukkur IBA University,BS Computer Science,8,2029,Karachi,3.4,4.0,94,657,7,0,1,30,Inconsistent,1,1,1,1,1,10080.0,10080.0,1,1,0,0,1,1,0,81.5,0.06154,0,53.9,Data inconsistency pattern,65.4,High,inconsistent application data
APP-2026-0156,2026-07-21 13:45:14,Muneeb Ahmed,muneebahmed1155@student.edu.pk,+923111000155,DEV-0303,IPH-0092,CVH-10155,Business Intelligence,SZABIST,BS Computer Science,8,2026,Karachi,2.55,4.0,396,573,8,1,0,15,Normal,1,1,2,1,1,10080.0,10080.0,1,1,0,0,0,0,0,19.7,0.18717,1,1.0,Typical pattern,10.0,Normal,no material alert signal
APP-2026-0334,2026-07-21 15:07:05,Komal Ali,komalali1333@student.edu.pk,+923171000333,DEV-0384,IPH-0312,CVH-10333,Data Analytics,Sukkur IBA University,BS Computer Science,5,2028,Hyderabad,2.79,4.0,177,540,7,1,0,15,Normal,1,1,2,1,1,10080.0,10080.0,1,1,0,0,0,0,0,37.1,0.17404,1,1.0,Typical pattern,18.8,Normal,no material alert signal
APP-2026-0469,2026-07-21 15:07:33,Rabia Mirza,rabiamirza1468@outlook.com,+923321000468,DEV-0433,IPH-0410,CVH-10468,Business Intelligence,University of Karachi,BS Software Engineering,7,2028,Hyderabad,3.3,4.0,585,997,6,0,1,30,Normal,1,1,2,2,1,10080.0,10080.0,1,1,0,0,0,0,0,9.6,0.19383,1,1.0,Typical pattern,5.0,Normal,no material alert signal
APP-2026-0635,2026-07-21 16:00:14,Sara Abbasi,saraabbasi1634@gmail.com,+923131000634,DEV-0027,IPH-0314,CVH-10634,UI/UX Design,COMSATS University,BS Software Engineering,8,2026,Karachi,3.37,4.0,381,741,6,0,0,25,Normal,1,1,2,3,1,10080.0,10080.0,1,1,0,0,0,0,0,3.1,0.19973,1,1.0,Typical pattern,1.8,Normal,no material alert signal
APP-2026-0525,2026-07-21 16:39:53,Laiba Farooq,laibafarooq1524@yahoo.com,+923201000524,DEV-0081,IPH-0091,CVH-10524,Web Development,University of Sindh,BS Information Technology,8,2026,Faisalabad,2.92,4.0,213,951,7,1,1,30,Normal,1,1,2,4,1,1316.65,6882.5,2,1,0,0,0,0,0,78.3,0.08578,1,1.0,Typical pattern,40.6,Normal,no material alert signal
APP-2026-0608,2026-07-21 17:19:40,Fahad Siddiqui,fahadsiddiqui1607@gmail.com,+923221000607,DEV-0032,IPH-0106,CVH-10607,Cloud & DevOps,FAST NUCES,BS Computer Science,5,2028,Faisalabad,2.84,4.0,639,733,7,0,0,15,Normal,1,1,3,4,1,10080.0,10080.0,1,1,0,0,0,0,0,47.5,0.16591,1,1.0,Typical pattern,24.0,Normal,no material alert signal
APP-2026-0348,2026-07-21 17:24:24,Hira Qureshi,hiraqureshi1347@student.edu.pk,+923331000347,DEV-0084,IPH-0234,CVH-10347,Cloud & DevOps,IBA Karachi,BS Data Science,8,2026,Khairpur,3.23,4.0,334,766,7,0,0,20,Normal,1,1,1,3,1,10080.0,10080.0,1,1,0,0,0,0,0,9.7,0.19379,1,1.0,Typical pattern,5.0,Normal,no material alert signal
APP-2026-0474,2026-07-21 17:45:59,Areeba Siddiqui,areebasiddiqui1473@gmail.com,+923221000473,DEV-0281,IPH-0266,CVH-10473,UI/UX Design,University of Karachi,BS Information Technology,8,2026,Sukkur,3.61,4.0,137,664,4,0,1,30,Normal,1,1,5,2,1,10080.0,10080.0,1,1,0,0,0,0,0,66.4,0.13998,1,1.0,Typical pattern,33.4,Normal,no material alert signal
APP-2026-0101,2026-07-21 18:04:56,Iqra Shaikh,iqrashaikh1100@yahoo.com,+923311000100,DEV-0043,IPH-0040,CVH-10100,Data Analytics,SZABIST,BS Data Science,5,2028,Multan,3.95,4.0,120,615,8,1,0,15,Normal,1,1,1,4,1,10080.0,3157.47,1,1,0,0,0,0,0,69.3,0.13454,1,1.0,Typical pattern,34.8,Normal,no material alert signal
APP-2026-0264,2026-07-21 18:11:01,Taha Rajput,taharajput1263@gmail.com,+923311000263,DEV-0121,IPH-0062,CVH-10263,Data Analytics,FAST NUCES,BS Computer Science,7,2027,Karachi,2.49,4.0,381,544,7,1,0,25,Normal,1,1,3,4,1,5485.57,4339.25,1,1,0,0,0,0,0,37.9,0.17362,1,1.0,Typical pattern,19.2,Normal,no material alert signal
APP-2026-0029,2026-07-21 18:20:25,Zara Ahmed,zaraahmed1028@yahoo.com,+923021000028,DEV-0067,IPH-0259,CVH-10028,UI/UX Design,SZABIST,BS Mathematics,6,2028,Nawabshah,2.91,4.0,441,626,4,1,1,30,Normal,1,1,5,2,1,10080.0,10080.0,1,1,0,0,0,0,0,43.5,0.16867,1,1.0,Typical pattern,22.0,Normal,no material alert signal
APP-2026-0016,2026-07-21 18:31:55,Rida Malik,ridamalik1015@student.edu.pk,+923021000015,DEV-0440,IPH-0053,CVH-10015,Data Analytics,University of Karachi,BS Software Engineering,7,2028,Khairpur,2.8,4.0,317,915,7,1,0,30,Normal,2,2,2,3,2,10080.0,7091.2,1,1,1,0,0,0,0,83.8,0.04866,3,70.5,Identity reuse pattern,71.2,High,duplicate identity/CV reuse
APP-2026-0677,2026-07-21 18:33:17,Rida Malik,ridamalik1015@student.edu.pk,+923021000015,DEV-0440,IPH-0053,CVH-10015,Data Analytics,University of Karachi,BS Software Engineering,7,2028,Sukkur,2.8,4.0,106,915,7,1,0,30,Multi-signal,2,2,2,3,2,1.37,1.37,2,2,1,1,0,0,1,94.7,-0.0453,3,70.5,Identity reuse pattern,89.6,Critical,duplicate identity/CV reuse; rapid or burst submission
APP-2026-0187,2026-07-21 18:47:30,Waleed Jatoi,waleedjatoi1186@yahoo.com,+923331000186,DEV-0266,IPH-0169,CVH-10186,UI/UX Design,IBA Karachi,BS Computer Science,7,2027,Hyderabad,2.75,4.0,476,180,5,1,0,20,Normal,1,1,2,1,1,10080.0,10080.0,1,1,0,0,0,0,0,52.1,0.16191,1,1.0,Typical pattern,26.2,Normal,no material alert signal
APP-2026-0630,2026-07-21 19:12:46,Mahnoor Siddiqui,mahnoorsiddiqui1629@yahoo.com,+923051000629,DEV-0522,IPH-0319,CVH-10629,Web Development,Shah Abdul Latif University,BS Software Engineering,6,2027,Multan,3.52,4.0,557,763,3,0,0,20,Normal,1,1,2,5,1,2805.17,7241.87,1,1,0,0,0,0,0,71.9,0.12311,1,1.0,Typical pattern,36.2,Normal,no material alert signal
APP-2026-0195,2026-07-21 19:40:56,Shayan Ahmed,shayanahmed1194@outlook.com,+923331000194,DEV-0041,IPH-0290,CVH-10194,UI/UX Design,SZABIST,BS Mathematics,8,2027,Sukkur,3.03,4.0,255,822,6,0,0,20,Normal,1,1,4,1,1,10080.0,10080.0,1,1,0,0,0,0,0,26.7,0.18104,1,1.0,Typical pattern,13.6,Normal,no material alert signal
APP-2026-0336,2026-07-21 20:24:55,Dua Khan,duakhan1335@outlook.com,+923131000335,DEV-0320,IPH-0293,CVH-10335,Business Intelligence,SZABIST,BS Mathematics,8,2026,Nawabshah,3.32,4.0,807,485,3,0,1,35,Normal,2,2,5,8,2,7314.02,10080.0,1,1,1,0,0,0,1,96.8,-0.06136,3,70.5,Identity reuse pattern,77.7,Critical,duplicate identity/CV reuse
APP-2026-0380,2026-07-21 22:20:42,Farhan Jatoi,farhanjatoi1379@student.edu.pk,+923121000379,DEV-0150,IPH-0225,CVH-10379,Cloud & DevOps,IBA Karachi,BS Computer Science,8,2026,Khairpur,2.47,4.0,372,857,6,1,1,25,Normal,1,1,3,3,1,10080.0,10080.0,1,1,0,0,0,0,0,1.1,0.2032,1,1.0,Typical pattern,0.8,Normal,no material alert signal
APP-2026-0449,2026-07-21 22:27:39,Rayyan Memon,rayyanmemon1448@student.edu.pk,+923211000448,DEV-0335,IPH-0347,CVH-10448,Business Intelligence,IBA Karachi,BS Mathematics,8,2026,Karachi,3.29,4.0,218,856,4,0,0,15,Normal,1,1,3,2,1,10080.0,10080.0,1,1,0,0,0,0,0,37.8,0.17372,1,1.0,Typical pattern,19.1,Normal,no material alert signal
APP-2026-0007,2026-07-21 22:29:09,Hassan Malik,hassanmalik1006@yahoo.com,+923161000006,DEV-0476,IPH-0198,CVH-10006,Data Analytics,NED University,BS Software Engineering,6,2027,Faisalabad,2.71,4.0,381,471,7,0,1,35,Normal,1,1,1,3,1,10080.0,4519.75,1,1,0,0,0,0,0,43.6,0.16847,1,1.0,Typical pattern,22.0,Normal,no material alert signal
APP-2026-0654,2026-07-22 01:49:55,Dua Khan,duakhan1335@outlook.com,+923131000335,DEV-0320,IPH-0293,CVH-10335,Business Intelligence,SZABIST,BS Mathematics,8,2026,Sukkur,3.32,4.0,91,485,3,0,1,35,Duplicate,2,2,5,8,2,325.0,325.0,2,2,1,0,0,0,1,97.5,-0.07385,3,70.5,Identity reuse pattern,79.2,Critical,duplicate identity/CV reuse
APP-2026-0477,2026-07-22 10:02:30,Saad Khan,saadkhan1476@yahoo.com,+923231000476,DEV-0458,IPH-0090,CVH-10476,Data Analytics,SZABIST,BS Information Technology,5,2028,Faisalabad,3.95,4.0,289,671,7,0,0,40,Normal,1,1,1,4,1,10080.0,10080.0,1,1,0,0,0,0,0,44.3,0.16829,1,1.0,Typical pattern,22.3,Normal,no material alert signal
APP-2026-0065,2026-07-22 10:16:05,Fatima Ansari,fatimaansari1064@outlook.com,+923161000064,DEV-0106,IPH-0397,CVH-10064,QA & Testing,University of Sindh,BS Information Technology,6,2028,Karachi,3.24,4.0,608,390,4,0,0,30,Normal,1,1,4,3,1,10080.0,10080.0,1,1,0,0,0,0,0,49.4,0.16461,1,1.0,Typical pattern,24.9,Normal,no material alert signal
APP-2026-0025,2026-07-22 10:29:16,Rayyan Soomro,rayyansoomro1024@student.edu.pk,+923231000024,DEV-0344,IPH-0027,CVH-10024,Business Intelligence,IBA Karachi,BBA,8,2026,Hyderabad,2.94,4.0,487,853,10,1,0,25,Normal,1,1,2,1,1,9568.78,10080.0,1,1,0,0,0,0,0,15.4,0.19041,1,1.0,Typical pattern,7.9,Normal,no material alert signal
APP-2026-0475,2026-07-22 10:51:53,Aiman Abbasi,aimanabbasi1474@gmail.com,+923151000474,DEV-0441,IPH-0193,CVH-10474,Business Intelligence,Shah Abdul Latif University,BS Software Engineering,8,2026,Sukkur,3.14,4.0,228,887,9,1,0,25,Normal,1,1,1,4,1,10080.0,1532.17,1,1,0,0,0,0,0,56.5,0.15706,1,1.0,Typical pattern,28.4,Normal,no material alert signal
APP-2026-0592,2026-07-22 11:21:00,Taha Memon,tahamemon1591@gmail.com,+923321000591,DEV-0058,IPH-0204,CVH-10591,QA & Testing,University of Sindh,BS Mathematics,6,2027,Khairpur,3.01,4.0,338,964,8,1,1,25,Normal,1,1,2,1,1,10080.0,10080.0,1,1,0,0,0,0,0,4.7,0.19789,1,1.0,Typical pattern,2.6,Normal,no material alert signal
APP-2026-0090,2026-07-22 11:40:30,Sara Siddiqui,sarasiddiqui1089@outlook.com,+923221000089,DEV-0258,IPH-0210,CVH-10089,Business Intelligence,University of Sindh,BS Computer Science,7,2027,Nawabshah,3.33,4.0,512,744,4,1,0,35,Normal,1,1,2,1,1,7049.7,10080.0,1,1,0,0,0,0,0,29.4,0.17921,1,1.0,Typical pattern,14.9,Normal,no material alert signal
APP-2026-0523,2026-07-22 11:55:40,Bilal Mirza,bilalmirza1522@student.edu.pk,+923341000522,DEV-0062,IPH-0344,CVH-10522,Cloud & DevOps,FAST NUCES,BS Mathematics,8,2026,Sukkur,3.29,4.0,313,389,7,0,1,20,Normal,1,1,1,2,1,10080.0,10080.0,1,1,0,0,0,0,0,22.1,0.18593,1,1.0,Typical pattern,11.2,Normal,no material alert signal
APP-2026-0041,2026-07-22 12:06:10,Hamza Ansari,hamzaansari1040@gmail.com,+923041000040,DEV-0492,IPH-0319,CVH-10040,QA & Testing,FAST NUCES,BS Information Technology,7,2028,Hyderabad,3.28,4.0,520,1047,9,1,1,35,Normal,1,1,6,5,1,9695.22,1013.4,1,2,0,0,0,0,0,83.9,0.0466,1,1.0,Typical pattern,42.2,Normal,no material alert signal
APP-2026-0402,2026-07-22 12:21:36,Zain Rind,zainrind1401@outlook.com,+923221000401,DEV-0358,IPH-0237,CVH-10401,UI/UX Design,Shah Abdul Latif University,BBA,7,2028,Karachi,3.16,4.0,268,995,8,0,1,15,Normal,1,1,2,3,1,7966.72,10080.0,1,1,0,0,0,0,0,43.2,0.16875,1,1.0,Typical pattern,21.8,Normal,no material alert signal
APP-2026-0290,2026-07-22 12:30:46,Anaya Khan,anayakhan1289@outlook.com,+923211000289,DEV-0550,IPH-0421,CVH-10289,Web Development,University of Karachi,BS Information Technology,5,2028,Nawabshah,3.39,4.0,341,668,9,1,0,15,Normal,1,1,1,3,1,10080.0,10080.0,1,1,0,0,0,0,0,24.6,0.18321,1,1.0,Typical pattern,12.5,Normal,no material alert signal
APP-2026-0461,2026-07-22 13:08:46,Komal Soomro,komalsoomro1460@student.edu.pk,+923201000460,DEV-0334,IPH-0117,CVH-10460,Business Intelligence,Sukkur IBA University,BS Software Engineering,8,2027,Multan,3.77,4.0,274,681,5,0,1,40,Normal,1,1,2,3,1,10080.0,8265.88,1,1,0,0,0,0,0,32.4,0.17689,1,1.0,Typical pattern,16.4,Normal,no material alert signal
APP-2026-0598,2026-07-22 13:14:46,Rayyan Qureshi,rayyanqureshi1597@student.edu.pk,+923221000597,DEV-0175,IPH-0305,CVH-10597,Business Intelligence,Mehran UET,BS Computer Science,7,2027,Multan,2.61,4.0,818,596,11,0,0,15,Normal,1,1,1,1,1,10080.0,10080.0,1,1,0,0,0,0,0,63.3,0.1454,1,1.0,Typical pattern,31.8,Normal,no material alert signal
APP-2026-0312,2026-07-22 13:32:44,Mahnoor Rind,mahnoorrind1311@yahoo.com,+923031000311,DEV-0321,IPH-0428,CVH-10311,Web Development,University of Sindh,BS Computer Science,5,2028,Hyderabad,2.91,4.0,541,737,8,1,0,25,Normal,1,1,3,2,1,10080.0,10080.0,1,1,0,0,0,0,0,0.4,0.20765,1,1.0,Typical pattern,0.4,Normal,no material alert signal
APP-2026-0193,2026-07-22 14:08:55,Mehak Ansari,mehakansari1192@yahoo.com,+923051000192,DEV-0395,IPH-0441,CVH-10192,Business Intelligence,University of Sindh,BS Information Technology,8,2026,Hyderabad,2.65,4.0,252,821,2,0,1,30,Normal,1,1,2,2,1,4342.67,10080.0,1,1,0,0,0,0,0,57.5,0.15557,1,1.0,Typical pattern,29.0,Normal,no material alert signal
APP-2026-0259,2026-07-22 14:37:53,Anaya Mirza,anayamirza1258@gmail.com,+923171000258,DEV-0370,IPH-0038,CVH-10258,Data Analytics,COMSATS University,BBA,6,2027,Sukkur,3.15,4.0,711,282,5,0,1,35,Normal,1,1,2,3,1,10080.0,10080.0,1,1,0,0,0,0,0,52.5,0.1613,1,1.0,Typical pattern,26.4,Normal,no material alert signal
APP-2026-0141,2026-07-22 15:34:14,Taha Chandio,tahachandio1140@gmail.com,+923001000140,DEV-0076,IPH-0424,CVH-10140,Business Intelligence,University of Karachi,BS Mathematics,8,2026,Peshawar,2.28,4.0,228,867,2,0,1,20,Normal,1,1,4,1,1,10080.0,10080.0,1,1,0,0,0,0,0,58.5,0.15362,1,1.0,Typical pattern,29.4,Normal,no material alert signal
APP-2026-0495,2026-07-22 15:43:44,Huzaifa Malik,huzaifamalik1494@yahoo.com,+923311000494,DEV-0465,IPH-0031,CVH-10494,Business Intelligence,Sukkur IBA University,BBA,8,2026,Lahore,3.25,4.0,513,567,8,1,1,20,Normal,1,1,2,2,1,2738.82,10080.0,1,1,0,0,0,0,0,35.8,0.17518,1,1.0,Typical pattern,18.1,Normal,no material alert signal
APP-2026-0528,2026-07-22 15:52:10,Rayyan Siddiqui,rayyansiddiqui1527@outlook.com,+923331000527,DEV-0006,IPH-0107,CVH-10527,UI/UX Design,NED University,BS Software Engineering,6,2027,Karachi,2.82,4.0,503,908,9,1,1,40,Normal,1,1,4,3,1,10080.0,2801.93,1,1,0,0,0,0,0,63.5,0.14525,1,1.0,Typical pattern,32.0,Normal,no material alert signal
APP-2026-0559,2026-07-22 15:52:43,Hamza Ali,hamzaali1558@student.edu.pk,+923051000558,DEV-0421,IPH-0281,CVH-10558,Web Development,University of Sindh,BS Data Science,8,2027,Hyderabad,3.35,4.0,424,1316,8,1,0,30,Normal,1,1,2,2,1,10080.0,10080.0,1,1,0,0,0,0,0,6.5,0.19667,1,1.0,Typical pattern,3.4,Normal,no material alert signal
APP-2026-0566,2026-07-22 17:33:27,Sajawal Malik,sajawalmalik1565@outlook.com,+923211000565,DEV-0156,IPH-0106,CVH-10565,Data Analytics,COMSATS University,BS Data Science,6,2027,Hyderabad,3.55,4.0,166,681,8,1,1,20,Normal,1,1,2,4,1,10080.0,1453.78,1,1,0,0,0,0,0,56.7,0.1563,1,1.0,Typical pattern,28.6,Normal,no material alert signal
APP-2026-0519,2026-07-22 18:28:00,Farhan Mirza,farhanmirza1518@student.edu.pk,+923321000518,DEV-0031,IPH-0069,CVH-10518,Business Intelligence,FAST NUCES,BS Data Science,7,2028,Hyderabad,3.14,4.0,374,967,7,0,0,15,Normal,1,1,1,2,1,10080.0,10080.0,1,1,0,0,0,0,0,23.9,0.18474,1,1.0,Typical pattern,12.1,Normal,no material alert signal
APP-2026-0438,2026-07-22 19:16:40,Mehak Rind,mehakrind1437@yahoo.com,+923131000437,DEV-0558,IPH-0135,CVH-10437,Data Analytics,Mehran UET,BBA,6,2027,Hyderabad,2.43,4.0,191,904,3,0,0,20,Normal,1,1,3,1,1,10080.0,10080.0,1,1,0,0,0,0,0,48.3,0.16499,1,1.0,Typical pattern,24.3,Normal,no material alert signal
APP-2026-0024,2026-07-22 20:09:55,Noor Shaikh,noorshaikh1023@yahoo.com,+923131000023,DEV-0472,IPH-0177,CVH-10023,Data Analytics,SZABIST,BS Software Engineering,8,2027,Khairpur,2.97,4.0,829,633,4,1,0,30,Normal,1,1,1,7,1,10080.0,6215.37,1,1,0,0,0,0,0,73.5,0.1119,1,1.0,Typical pattern,37.0,Normal,no material alert signal
APP-2026-0224,2026-07-22 20:19:07,Hania Ali,haniaali1223@student.edu.pk,+923321000223,DEV-0231,IPH-0172,CVH-10223,QA & Testing,Sukkur IBA University,BS Software Engineering,8,2027,Lahore,2.5,4.0,276,564,6,0,0,30,Normal,1,1,1,1,1,10080.0,10080.0,1,1,0,0,0,0,0,12.4,0.19184,1,1.0,Typical pattern,6.4,Normal,no material alert signal
APP-2026-0155,2026-07-22 20:27:24,Hamza Memon,hamzamemon1154@gmail.com,+923031000154,DEV-0114,IPH-0048,CVH-10154,UI/UX Design,FAST NUCES,BS Software Engineering,8,2026,Khairpur,2.94,4.0,293,435,6,0,1,30,Normal,1,1,1,2,1,10080.0,10050.28,1,1,0,0,0,0,0,16.1,0.19002,1,1.0,Typical pattern,8.2,Normal,no material alert signal
APP-2026-0208,2026-07-22 20:51:49,Mahnoor Rind,mahnoorrind1207@student.edu.pk,+923051000207,DEV-0265,IPH-0199,CVH-10207,Business Intelligence,COMSATS University,BS Data Science,7,2027,Khairpur,2.0,4.0,227,702,10,0,1,30,Normal,1,1,1,3,1,10080.0,10080.0,1,1,0,0,0,0,0,27.6,0.18023,1,1.0,Typical pattern,14.0,Normal,no material alert signal
APP-2026-0186,2026-07-22 21:11:13,Muneeb Chandio,muneebchandio1185@gmail.com,+923151000185,DEV-0060,IPH-0379,CVH-10185,UI/UX Design,FAST NUCES,BS Software Engineering,6,2027,Karachi,2.65,4.0,878,548,7,0,1,20,Normal,1,1,3,2,1,6190.87,10080.0,1,1,0,0,0,0,0,44.4,0.16828,1,1.0,Typical pattern,22.4,Normal,no material alert signal
APP-2026-0391,2026-07-22 21:28:44,Farhan Iqbal,farhaniqbal1390@gmail.com,+923111000390,DEV-0487,IPH-0389,CVH-10390,Cloud & DevOps,Sukkur IBA University,BS Information Technology,6,2027,Sukkur,2.87,4.0,515,318,4,0,1,30,Normal,1,1,1,1,1,10080.0,10080.0,1,1,0,0,0,0,0,45.6,0.16704,1,1.0,Typical pattern,23.0,Normal,no material alert signal
APP-2026-0060,2026-07-22 21:32:52,Fahad Shaikh,fahadshaikh1059@gmail.com,+923341000059,DEV-0162,IPH-0140,CVH-10059,Data Analytics,FAST NUCES,BS Computer Science,7,2027,Peshawar,3.43,4.0,745,1018,14,1,1,20,Normal,1,1,1,3,1,10080.0,10080.0,1,1,0,0,0,0,0,67.5,0.13727,1,1.0,Typical pattern,34.0,Normal,no material alert signal
APP-2026-0463,2026-07-22 22:21:59,Anaya Memon,anayamemon1462@gmail.com,+923201000462,DEV-0346,IPH-0311,CVH-10462,Web Development,Sukkur IBA University,BS Information Technology,7,2027,Khairpur,2.89,4.0,382,747,5,0,1,30,Normal,1,1,1,5,1,10080.0,10080.0,1,1,0,0,0,0,0,31.5,0.17793,1,1.0,Typical pattern,16.0,Normal,no material alert signal
APP-2026-0445,2026-07-22 22:48:56,Taha Farooq,tahafarooq1444@gmail.com,+923041000444,DEV-0054,IPH-0352,CVH-10444,Cloud & DevOps,Sukkur IBA University,BS Software Engineering,7,2027,Hyderabad,3.4,4.0,417,637,6,1,0,30,Normal,1,1,2,2,1,10080.0,10080.0,1,1,0,0,0,0,0,0.1,0.20967,1,1.0,Typical pattern,0.2,Normal,no material alert signal
APP-2026-0564,2026-07-23 10:05:43,Usman Shaikh,usmanshaikh1563@yahoo.com,+923121000563,DEV-0452,IPH-0225,CVH-10563,UI/UX Design,University of Karachi,BS Computer Science,8,2026,Karachi,2.75,4.0,363,576,2,1,1,35,Normal,1,1,3,3,1,10080.0,2145.02,1,1,0,0,0,0,0,65.4,0.14232,1,1.0,Typical pattern,32.9,Normal,no material alert signal
APP-2026-0063,2026-07-23 10:11:35,Aqsa Farooq,aqsafarooq1062@outlook.com,+923341000062,DEV-0056,IPH-0219,CVH-10062,Web Development,Sukkur IBA University,BS Software Engineering,7,2027,Karachi,2.87,4.0,219,1065,7,0,0,25,Normal,1,1,3,1,1,5156.62,10080.0,1,1,0,0,0,0,0,39.2,0.17252,1,1.0,Typical pattern,19.8,Normal,no material alert signal
APP-2026-0631,2026-07-23 10:48:05,Zara Soomro,zarasoomro1630@gmail.com,+923231000630,DEV-0076,IPH-0351,CVH-10630,UI/UX Design,Sukkur IBA University,BBA,8,2026,Khairpur,2.72,4.0,435,322,5,1,1,35,Normal,1,1,4,4,1,1153.85,10080.0,2,1,0,0,0,0,0,80.3,0.07045,1,1.0,Typical pattern,41.6,Normal,no material alert signal
APP-2026-0231,2026-07-23 11:09:22,Ahmed Farooq,ahmedfarooq1230@gmail.com,+923311000230,DEV-0226,IPH-0159,CVH-10230,Web Development,COMSATS University,BBA,8,2027,Karachi,3.16,4.0,852,1205,6,1,0,25,Normal,1,1,4,2,1,3970.25,10080.0,1,1,0,0,0,0,0,51.9,0.16194,1,1.0,Typical pattern,26.2,Normal,no material alert signal
APP-2026-0714,2026-07-23 11:24:00,Komal Narejo,komalnarejo10714@student.edu.pk,+923211009714,DEV-I0714,IPH-I0714,CVH-I00714,QA & Testing,NED University,BS Software Engineering,8,2029,Lahore,3.4,4.0,432,831,8,0,0,30,Inconsistent,1,1,1,1,1,10080.0,10080.0,1,1,0,0,1,1,0,78.5,0.08202,0,53.9,Data inconsistency pattern,63.9,High,inconsistent application data
APP-2026-0393,2026-07-23 11:29:32,Hania Memon,haniamemon1392@student.edu.pk,+923311000392,DEV-0542,IPH-0281,CVH-10392,Business Intelligence,Mehran UET,BS Computer Science,7,2028,Islamabad,2.86,4.0,782,744,3,0,0,20,Normal,1,1,1,2,1,10080.0,1176.82,1,2,0,0,0,0,0,78.1,0.0875,1,1.0,Typical pattern,39.2,Normal,no material alert signal
APP-2026-0439,2026-07-23 13:54:24,Anaya Iqbal,anayaiqbal1438@student.edu.pk,+923331000438,DEV-0321,IPH-0376,CVH-10438,UI/UX Design,University of Sindh,BS Computer Science,8,2026,Karachi,3.05,4.0,297,843,9,1,0,15,Normal,1,1,3,1,1,1461.67,10080.0,1,1,0,0,0,0,0,67.9,0.13602,1,1.0,Typical pattern,34.2,Normal,no material alert signal
APP-2026-0354,2026-07-23 14:18:58,Ammar Ansari,ammaransari1353@outlook.com,+923321000353,DEV-0424,IPH-0097,CVH-10353,Cloud & DevOps,Shah Abdul Latif University,BS Software Engineering,5,2028,Islamabad,2.72,4.0,300,524,7,1,0,30,Normal,1,1,2,1,1,10080.0,10080.0,1,1,0,0,0,0,0,1.4,0.20264,1,1.0,Typical pattern,0.9,Normal,no material alert signal
APP-2026-0242,2026-07-23 14:35:49,Komal Shaikh,komalshaikh1241@gmail.com,+923321000241,DEV-0141,IPH-0245,CVH-10241,Data Analytics,Mehran UET,BS Information Technology,6,2027,Multan,2.98,4.0,851,1317,6,0,0,25,Normal,1,1,2,1,1,10080.0,10080.0,1,1,0,0,0,0,0,38.6,0.1731,1,1.0,Typical pattern,19.5,Normal,no material alert signal
APP-2026-0002,2026-07-23 15:11:29,Zara Jatoi,zarajatoi1001@outlook.com,+923111000001,DEV-0507,IPH-0167,CVH-10001,Web Development,IBA Karachi,BS Information Technology,8,2026,Karachi,2.88,4.0,280,522,11,1,1,20,Normal,1,1,2,3,1,10080.0,3088.78,1,1,0,0,0,0,0,40.7,0.17038,1,1.0,Typical pattern,20.6,Normal,no material alert signal
APP-2026-0511,2026-07-23 15:51:20,Saad Abbasi,saadabbasi1510@gmail.com,+923021000510,DEV-0110,IPH-0344,CVH-10510,Data Analytics,Shah Abdul Latif University,BS Mathematics,8,2026,Karachi,3.03,4.0,401,414,6,0,1,25,Normal,1,1,1,2,1,10080.0,1675.67,1,1,0,0,0,0,0,50.1,0.16353,1,1.0,Typical pattern,25.2,Normal,no material alert signal
APP-2026-0466,2026-07-23 15:52:12,Areeba Siddiqui,areebasiddiqui1465@outlook.com,+923001000465,DEV-0530,IPH-0047,CVH-10465,Data Analytics,FAST NUCES,BS Mathematics,6,2027,Hyderabad,3.12,4.0,192,180,3,0,0,20,Normal,1,1,1,4,1,10080.0,10080.0,1,1,0,0,0,0,0,74.3,0.10717,1,1.0,Typical pattern,37.4,Normal,no material alert signal
APP-2026-0483,2026-07-23 16:05:28,Komal Rind,komalrind1482@student.edu.pk,+923331000482,DEV-0511,IPH-0195,CVH-10482,Data Analytics,Mehran UET,BS Information Technology,8,2026,Hyderabad,2.86,4.0,532,907,14,1,1,35,Normal,1,1,3,3,1,10080.0,10080.0,1,1,0,0,0,0,0,64.9,0.14285,1,1.0,Typical pattern,32.7,Normal,no material alert signal
APP-2026-0017,2026-07-23 18:22:10,Sara Abbasi,saraabbasi1016@yahoo.com,+923341000016,DEV-0003,IPH-0323,CVH-10016,UI/UX Design,University of Karachi,BS Mathematics,8,2026,Multan,3.05,4.0,373,239,4,0,1,20,Normal,1,1,1,3,1,10080.0,10080.0,1,1,0,0,0,0,0,59.0,0.15214,1,1.0,Typical pattern,29.7,Normal,no material alert signal
APP-2026-0166,2026-07-23 18:48:14,Muneeb Khan,muneebkhan1165@yahoo.com,+923161000165,DEV-0388,IPH-0369,CVH-10165,Web Development,Shah Abdul Latif University,BS Computer Science,8,2026,Multan,3.02,4.0,398,669,8,0,1,25,Normal,1,1,3,3,1,7270.05,10080.0,1,1,0,0,0,0,0,18.9,0.18801,1,1.0,Typical pattern,9.6,Normal,no material alert signal
APP-2026-0351,2026-07-23 19:12:36,Ali Rajput,alirajput1350@gmail.com,+923011000350,DEV-0420,IPH-0372,CVH-10350,UI/UX Design,Sukkur IBA University,BS Data Science,7,2027,Peshawar,3.59,4.0,545,1050,8,1,0,30,Normal,2,2,2,3,2,10080.0,10080.0,1,1,1,0,0,0,0,84.4,0.04078,3,70.5,Identity reuse pattern,71.5,High,duplicate identity/CV reuse
APP-2026-0049,2026-07-23 19:21:40,Mahnoor Rajput,mahnoorrajput1048@gmail.com,+923221000048,DEV-0400,IPH-0360,CVH-10048,Web Development,Mehran UET,BBA,7,2028,Karachi,3.4,4.0,424,992,4,1,1,40,Normal,1,1,1,3,1,10080.0,10080.0,1,1,0,0,0,0,0,45.7,0.167,1,1.0,Typical pattern,23.0,Normal,no material alert signal
APP-2026-0628,2026-07-23 20:20:52,Aiman Ali,aimanali1627@yahoo.com,+923221000627,DEV-0502,IPH-0239,CVH-10627,Data Analytics,IBA Karachi,BS Data Science,7,2027,Sukkur,3.19,4.0,1352,276,7,0,0,40,Normal,1,1,4,4,1,7301.93,7460.63,1,1,0,0,0,0,0,77.4,0.09233,1,1.0,Typical pattern,38.9,Normal,no material alert signal
APP-2026-0174,2026-07-23 20:45:26,Rida Khan,ridakhan1173@gmail.com,+923201000173,DEV-0187,IPH-0309,CVH-10173,UI/UX Design,University of Karachi,BS Information Technology,6,2027,Lahore,3.16,4.0,281,999,10,0,1,20,Normal,1,1,4,2,1,10080.0,10080.0,1,1,0,0,0,0,0,39.6,0.17202,1,1.0,Typical pattern,20.0,Normal,no material alert signal
APP-2026-0657,2026-07-23 21:51:36,Ali Rajput,alirajput1350@gmail.com,+923011000350,DEV-0420,IPH-0372,CVH-10350,UI/UX Design,Sukkur IBA University,BS Data Science,7,2027,Peshawar,3.59,4.0,76,1050,8,1,0,30,Duplicate,2,2,2,3,2,159.0,159.0,2,2,1,0,0,0,1,89.6,-0.00362,3,70.5,Identity reuse pattern,75.3,Critical,duplicate identity/CV reuse
APP-2026-0269,2026-07-23 22:16:49,Fahad Baloch,fahadbaloch1268@outlook.com,+923221000268,DEV-0471,IPH-0040,CVH-10268,Cloud & DevOps,University of Karachi,BS Software Engineering,7,2027,Hyderabad,2.78,4.0,194,634,10,1,0,35,Normal,1,1,1,4,1,10080.0,3131.88,1,1,0,0,0,0,0,61.7,0.14819,1,1.0,Typical pattern,31.0,Normal,no material alert signal
APP-2026-0503,2026-07-23 22:40:18,Mehak Rajput,mehakrajput1502@student.edu.pk,+923151000502,DEV-0262,IPH-0032,CVH-10502,Data Analytics,University of Sindh,BS Computer Science,7,2027,Karachi,3.26,4.0,650,704,3,1,1,40,Normal,1,1,4,1,1,10080.0,10080.0,1,1,0,0,0,0,0,58.6,0.15351,1,1.0,Typical pattern,29.5,Normal,no material alert signal
APP-2026-0432,2026-07-23 23:02:57,Iqra Rajput,iqrarajput1431@student.edu.pk,+923311000431,DEV-0456,IPH-0293,CVH-10431,Business Intelligence,IBA Karachi,BS Computer Science,8,2026,Peshawar,2.54,4.0,182,469,5,1,0,20,Normal,1,1,4,8,1,10080.0,2713.03,1,1,0,0,0,0,0,76.2,0.09953,1,1.0,Typical pattern,38.3,Normal,no material alert signal
APP-2026-0718,2026-07-24 08:47:00,Zara Baloch,zarabaloch10718@yahoo.com,+923041009718,DEV-I0718,IPH-I0718,CVH-I00718,QA & Testing,COMSATS University,BS Mathematics,5,2027,Karachi,3.3,4.0,321,56,7,1,1,80,Inconsistent,1,1,1,1,1,10080.0,10080.0,1,1,0,0,1,1,1,92.6,-0.02595,0,53.9,Data inconsistency pattern,71.0,High,inconsistent application data
APP-2026-0013,2026-07-24 09:51:29,Huzaifa Ansari,huzaifaansari1012@student.edu.pk,+923131000012,DEV-0158,IPH-0023,CVH-10012,Business Intelligence,Sukkur IBA University,BS Computer Science,6,2027,Karachi,3.71,4.0,700,783,11,1,0,25,Normal,1,1,1,1,1,10080.0,10080.0,1,1,0,0,0,0,0,34.2,0.17595,1,1.0,Typical pattern,17.3,Normal,no material alert signal
APP-2026-0337,2026-07-24 11:04:15,Ali Soomro,alisoomro1336@gmail.com,+923041000336,DEV-0049,IPH-0280,CVH-10336,Data Analytics,IBA Karachi,BS Computer Science,6,2027,Lahore,3.31,4.0,445,232,9,0,0,25,Normal,1,1,2,3,1,10080.0,10080.0,1,1,0,0,0,0,0,46.2,0.16672,1,1.0,Typical pattern,23.3,Normal,no material alert signal
APP-2026-0462,2026-07-24 13:10:16,Mahnoor Soomro,mahnoorsoomro1461@outlook.com,+923171000461,DEV-0295,IPH-0263,CVH-10461,Business Intelligence,NED University,BBA,5,2029,Karachi,3.28,4.0,319,764,5,0,0,20,Normal,1,1,2,1,1,10080.0,10080.0,1,1,0,0,0,0,0,10.0,0.19368,1,1.0,Typical pattern,5.2,Normal,no material alert signal
APP-2026-0548,2026-07-24 13:50:55,Danish Iqbal,danishiqbal1547@yahoo.com,+923201000547,DEV-0294,IPH-0295,CVH-10547,QA & Testing,University of Karachi,BS Information Technology,6,2027,Karachi,2.95,4.0,886,742,4,1,1,35,Normal,1,1,2,6,1,10080.0,6803.32,1,1,0,0,0,0,0,70.0,0.13274,1,1.0,Typical pattern,35.2,Normal,no material alert signal
APP-2026-0453,2026-07-24 14:28:15,Mehak Mirza,mehakmirza1452@yahoo.com,+923011000452,DEV-0105,IPH-0363,CVH-10452,Cloud & DevOps,Sukkur IBA University,BS Software Engineering,8,2026,Islamabad,2.76,4.0,180,306,9,1,0,25,Normal,1,1,2,1,1,10080.0,10080.0,1,1,0,0,0,0,0,38.1,0.17361,1,1.0,Typical pattern,19.2,Normal,no material alert signal
APP-2026-0151,2026-07-24 14:30:40,Shayan Qureshi,shayanqureshi1150@student.edu.pk,+923001000150,DEV-0015,IPH-0213,CVH-10150,Data Analytics,COMSATS University,BS Information Technology,8,2026,Islamabad,2.82,4.0,791,516,7,1,0,30,Normal,1,1,2,2,1,10080.0,10080.0,1,1,0,0,0,0,0,5.0,0.19772,1,1.0,Typical pattern,2.7,Normal,no material alert signal
APP-2026-0587,2026-07-24 14:36:23,Ammar Farooq,ammarfarooq1586@outlook.com,+923121000586,DEV-0202,IPH-0425,CVH-10586,Cloud & DevOps,Sukkur IBA University,BS Data Science,8,2026,Nawabshah,2.94,4.0,423,1303,10,1,0,25,Normal,1,1,2,3,1,10080.0,10080.0,1,1,0,0,0,0,0,19.3,0.18783,1,1.0,Typical pattern,9.8,Normal,no material alert signal
APP-2026-0112,2026-07-24 14:39:18,Nimra Siddiqui,nimrasiddiqui1111@gmail.com,+923051000111,DEV-0076,IPH-0222,CVH-10111,Data Analytics,NED University,BBA,7,2028,Multan,3.21,4.0,481,731,9,1,0,35,Normal,1,1,4,2,1,1671.22,10080.0,1,1,0,0,0,0,0,59.3,0.15149,1,1.0,Typical pattern,29.8,Normal,no material alert signal
APP-2026-0328,2026-07-24 14:51:54,Sara Qureshi,saraqureshi1327@student.edu.pk,+923211000327,DEV-0477,IPH-0197,CVH-10327,Business Intelligence,COMSATS University,BS Computer Science,7,2027,Multan,2.88,4.0,370,901,8,0,0,20,Normal,1,1,1,1,1,10080.0,10080.0,1,1,0,0,0,0,0,15.6,0.19031,1,1.0,Typical pattern,8.0,Normal,no material alert signal
APP-2026-0352,2026-07-24 15:19:03,Sajawal Farooq,sajawalfarooq1351@yahoo.com,+923031000351,DEV-0082,IPH-0181,CVH-10351,UI/UX Design,Shah Abdul Latif University,BS Computer Science,7,2027,Karachi,3.49,4.0,652,883,4,0,1,25,Normal,1,1,2,5,1,10080.0,8150.63,1,1,0,0,0,0,0,51.5,0.16238,1,1.0,Typical pattern,26.0,Normal,no material alert signal
APP-2026-0427,2026-07-24 16:10:52,Zain Baloch,zainbaloch1426@student.edu.pk,+923021000426,DEV-0289,IPH-0319,CVH-10426,QA & Testing,Shah Abdul Latif University,BS Information Technology,8,2026,Karachi,3.14,4.0,500,657,11,1,1,15,Normal,1,1,1,5,1,10080.0,3124.7,1,1,0,0,0,0,0,67.6,0.13713,1,1.0,Typical pattern,34.0,Normal,no material alert signal
APP-2026-0479,2026-07-24 16:39:18,Shayan Khan,shayankhan1478@outlook.com,+923031000478,DEV-0137,IPH-0044,CVH-10478,QA & Testing,Mehran UET,BS Software Engineering,5,2028,Lahore,2.84,4.0,479,380,8,1,1,20,Normal,1,1,2,2,1,10080.0,10080.0,1,1,0,0,0,0,0,10.3,0.19323,1,1.0,Typical pattern,5.4,Normal,no material alert signal
APP-2026-0262,2026-07-24 17:05:15,Sajawal Shaikh,sajawalshaikh1261@student.edu.pk,+923221000261,DEV-0429,IPH-0362,CVH-10261,Cloud & DevOps,University of Sindh,BS Data Science,8,2026,Hyderabad,3.3,4.0,493,326,3,0,0,25,Normal,1,1,2,1,1,10080.0,10080.0,1,1,0,0,0,0,0,44.0,0.1684,1,1.0,Typical pattern,22.2,Normal,no material alert signal
APP-2026-0014,2026-07-24 17:23:14,Waleed Malik,waleedmalik1013@yahoo.com,+923041000013,DEV-0190,IPH-0166,CVH-10013,Business Intelligence,IBA Karachi,BS Information Technology,7,2027,Hyderabad,3.19,4.0,255,639,12,1,0,20,Normal,1,1,3,1,1,10080.0,10080.0,1,1,0,0,0,0,0,48.1,0.16542,1,1.0,Typical pattern,24.2,Normal,no material alert signal
APP-2026-0214,2026-07-24 17:31:14,Ali Ali,aliali1213@student.edu.pk,+923231000213,DEV-0073,IPH-0109,CVH-10213,Data Analytics,University of Sindh,BBA,6,2027,Hyderabad,3.03,4.0,226,380,7,1,0,20,Normal,2,2,3,3,2,10080.0,10080.0,1,1,1,0,0,0,0,84.9,0.03789,3,70.5,Identity reuse pattern,71.8,High,duplicate identity/CV reuse
APP-2026-0501,2026-07-24 17:39:54,Mahnoor Malik,mahnoormalik1500@student.edu.pk,+923321000500,DEV-0457,IPH-0140,CVH-10500,Cloud & DevOps,University of Sindh,BS Information Technology,7,2027,Peshawar,3.42,4.0,278,529,4,1,0,30,Normal,1,1,4,3,1,6881.32,2647.03,1,1,0,0,0,0,0,57.6,0.15549,1,1.0,Typical pattern,29.0,Normal,no material alert signal
APP-2026-0183,2026-07-24 17:56:01,Farhan Rind,farhanrind1182@outlook.com,+923201000182,DEV-0249,IPH-0420,CVH-10182,QA & Testing,Shah Abdul Latif University,BBA,6,2027,Hyderabad,3.0,4.0,851,850,5,0,0,35,Normal,1,1,3,1,1,5736.23,10080.0,1,1,0,0,0,0,0,55.0,0.15905,1,1.0,Typical pattern,27.7,Normal,no material alert signal
APP-2026-0455,2026-07-24 17:59:02,Hira Memon,hiramemon1454@student.edu.pk,+923111000454,DEV-0403,IPH-0314,CVH-10454,QA & Testing,SZABIST,BS Information Technology,8,2026,Peshawar,3.28,4.0,422,910,8,1,1,35,Normal,1,1,3,3,1,10080.0,4438.8,1,1,0,0,0,0,0,30.1,0.17879,1,1.0,Typical pattern,15.2,Normal,no material alert signal
APP-2026-0412,2026-07-24 18:17:10,Usman Baloch,usmanbaloch1411@student.edu.pk,+923151000411,DEV-0285,IPH-0193,CVH-10411,Web Development,Mehran UET,BBA,5,2028,Khairpur,2.56,4.0,276,487,6,0,1,20,Normal,1,1,1,4,1,10080.0,3325.28,1,1,0,0,0,0,0,45.4,0.16741,1,1.0,Typical pattern,22.9,Normal,no material alert signal
APP-2026-0294,2026-07-24 18:31:50,Mehak Qureshi,mehakqureshi1293@student.edu.pk,+923341000293,DEV-0370,IPH-0167,CVH-10293,QA & Testing,Mehran UET,BS Software Engineering,8,2026,Lahore,3.47,4.0,798,846,9,1,0,30,Normal,1,1,2,3,1,3113.95,1640.35,1,1,0,0,0,0,0,69.0,0.13517,1,1.0,Typical pattern,34.7,Normal,no material alert signal
APP-2026-0056,2026-07-24 18:33:31,Komal Siddiqui,komalsiddiqui1055@student.edu.pk,+923011000055,DEV-0368,IPH-0425,CVH-10055,Business Intelligence,University of Sindh,BBA,8,2026,Nawabshah,3.3,4.0,414,576,7,1,0,40,Normal,1,1,4,3,1,10080.0,237.13,1,2,0,0,0,0,0,77.5,0.0922,1,1.0,Typical pattern,39.0,Normal,no material alert signal
APP-2026-0003,2026-07-24 18:39:16,Rabia Jatoi,rabiajatoi1002@gmail.com,+923021000002,DEV-0246,IPH-0301,CVH-10002,Web Development,SZABIST,BS Computer Science,7,2028,Islamabad,2.93,4.0,441,860,4,1,1,30,Normal,1,1,1,2,1,10080.0,10080.0,1,1,0,0,0,0,0,11.5,0.19244,1,1.0,Typical pattern,6.0,Normal,no material alert signal
APP-2026-0604,2026-07-24 19:38:33,Hania Farooq,haniafarooq1603@student.edu.pk,+923231000603,DEV-0335,IPH-0334,CVH-10603,QA & Testing,University of Karachi,BS Computer Science,8,2026,Peshawar,3.18,4.0,800,180,9,0,0,30,Normal,1,1,3,1,1,4150.9,10080.0,1,1,0,0,0,0,0,73.6,0.11164,1,1.0,Typical pattern,37.0,Normal,no material alert signal
APP-2026-0383,2026-07-24 20:32:51,Aqsa Farooq,aqsafarooq1382@student.edu.pk,+923011000382,DEV-0047,IPH-0015,CVH-10382,UI/UX Design,IBA Karachi,BBA,5,2028,Lahore,3.64,4.0,335,950,7,1,0,30,Normal,2,2,2,3,2,10080.0,10080.0,1,1,1,0,0,0,0,83.2,0.05017,3,70.5,Identity reuse pattern,70.9,High,duplicate identity/CV reuse
APP-2026-0644,2026-07-25 03:09:14,Ali Ali,aliali1213@student.edu.pk,+923231000213,DEV-0073,IPH-0109,CVH-10213,Data Analytics,University of Sindh,BBA,6,2027,Hyderabad,3.03,4.0,112,380,7,1,0,20,Duplicate,2,2,3,3,2,578.0,578.0,2,2,1,0,0,0,0,88.6,0.00225,3,70.5,Identity reuse pattern,74.8,High,duplicate identity/CV reuse
APP-2026-0648,2026-07-25 04:08:51,Aqsa Farooq,aqsafarooq1382@student.edu.pk,+923011000382,DEV-0047,IPH-0015,CVH-10382,UI/UX Design,IBA Karachi,BBA,5,2028,Karachi,3.64,4.0,106,950,7,1,0,30,Duplicate,2,2,2,3,2,456.0,456.0,2,2,1,0,0,0,0,86.9,0.01483,3,70.5,Identity reuse pattern,74.0,High,duplicate identity/CV reuse
APP-2026-0379,2026-07-25 08:38:08,Hassan Farooq,hassanfarooq1378@student.edu.pk,+923231000378,DEV-0298,IPH-0017,CVH-10378,QA & Testing,Shah Abdul Latif University,BS Information Technology,5,2028,Islamabad,2.48,4.0,1144,775,5,1,0,30,Normal,1,1,5,3,1,10080.0,10080.0,1,1,0,0,0,0,0,62.8,0.14614,1,1.0,Typical pattern,31.6,Normal,no material alert signal
APP-2026-0621,2026-07-25 09:17:01,Muneeb Ali,muneebali1620@yahoo.com,+923001000620,DEV-0240,IPH-0377,CVH-10620,Data Analytics,COMSATS University,BBA,7,2027,Sukkur,3.33,4.0,251,395,9,1,1,20,Normal,1,1,4,1,1,10080.0,10080.0,1,1,0,0,0,0,0,38.9,0.17296,1,1.0,Typical pattern,19.6,Normal,no material alert signal
APP-2026-0034,2026-07-25 10:01:42,Fahad Shaikh,fahadshaikh1033@yahoo.com,+923311000033,DEV-0277,IPH-0003,CVH-10033,QA & Testing,FAST NUCES,BS Computer Science,7,2027,Karachi,2.62,4.0,346,505,11,1,1,30,Normal,1,1,1,4,1,10080.0,10080.0,1,1,0,0,0,0,0,35.1,0.17552,1,1.0,Typical pattern,17.8,Normal,no material alert signal
APP-2026-0407,2026-07-25 10:30:55,Komal Ali,komalali1406@gmail.com,+923051000406,DEV-0219,IPH-0244,CVH-10406,Cloud & DevOps,University of Karachi,BS Software Engineering,5,2028,Sukkur,2.62,4.0,545,180,9,1,0,40,Normal,1,1,2,1,1,10080.0,10080.0,1,1,0,0,0,0,0,63.9,0.14441,1,1.0,Typical pattern,32.2,Normal,no material alert signal
APP-2026-0633,2026-07-25 10:50:22,Mahnoor Jatoi,mahnoorjatoi1632@yahoo.com,+923321000632,DEV-0052,IPH-0105,CVH-10632,UI/UX Design,FAST NUCES,BBA,7,2027,Nawabshah,3.56,4.0,751,577,3,1,0,25,Normal,1,1,2,2,1,10080.0,10080.0,1,1,0,0,0,0,0,19.2,0.18796,1,1.0,Typical pattern,9.8,Normal,no material alert signal
APP-2026-0292,2026-07-25 10:54:05,Laiba Siddiqui,laibasiddiqui1291@yahoo.com,+923001000291,DEV-0268,IPH-0292,CVH-10291,Web Development,FAST NUCES,BS Software Engineering,7,2027,Nawabshah,2.93,4.0,225,1107,4,0,1,30,Normal,1,1,4,1,1,10080.0,10080.0,1,1,0,0,0,0,0,50.0,0.16373,1,1.0,Typical pattern,25.2,Normal,no material alert signal
APP-2026-0554,2026-07-25 12:18:22,Fatima Farooq,fatimafarooq1553@gmail.com,+923231000553,DEV-0098,IPH-0345,CVH-10553,Web Development,COMSATS University,BS Mathematics,8,2026,Nawabshah,3.68,4.0,1120,597,6,1,0,30,Normal,1,1,1,1,1,10080.0,10080.0,1,1,0,0,0,0,0,44.2,0.16839,1,1.0,Typical pattern,22.3,Normal,no material alert signal
APP-2026-0268,2026-07-25 12:27:36,Dua Ali,duaali1267@yahoo.com,+923041000267,DEV-0368,IPH-0295,CVH-10267,QA & Testing,University of Karachi,BS Information Technology,5,2028,Islamabad,2.44,4.0,384,760,12,0,0,15,Normal,1,1,4,6,1,1074.08,1356.68,2,2,0,0,0,0,1,89.0,-3e-05,1,1.0,Typical pattern,45.9,Review,unusual multivariate behavior
APP-2026-0419,2026-07-25 13:01:56,Fatima Baloch,fatimabaloch1418@gmail.com,+923211000418,DEV-0032,IPH-0329,CVH-10418,Data Analytics,University of Sindh,BS Computer Science,5,2028,Lahore,3.7,4.0,208,857,7,1,1,35,Normal,1,1,3,1,1,5502.27,10080.0,1,1,0,0,0,0,0,43.8,0.16844,1,1.0,Typical pattern,22.1,Normal,no material alert signal
APP-2026-0384,2026-07-25 14:08:02,Aiman Shaikh,aimanshaikh1383@student.edu.pk,+923201000383,DEV-0407,IPH-0393,CVH-10383,Business Intelligence,Shah Abdul Latif University,BS Mathematics,8,2026,Karachi,2.48,4.0,441,1051,4,1,0,25,Normal,1,1,2,3,1,10080.0,10080.0,1,1,0,0,0,0,0,7.1,0.19592,1,1.0,Typical pattern,3.8,Normal,no material alert signal
APP-2026-0109,2026-07-25 15:30:00,Laiba Ali,laibaali1108@student.edu.pk,+923121000108,DEV-0027,IPH-0436,CVH-10108,Data Analytics,COMSATS University,BS Computer Science,6,2027,Hyderabad,3.15,4.0,669,1250,6,1,1,20,Normal,1,1,2,2,1,5729.77,10080.0,1,1,0,0,0,0,0,33.9,0.17615,1,1.0,Typical pattern,17.2,Normal,no material alert signal
APP-2026-0507,2026-07-25 15:46:12,Saad Malik,saadmalik1506@gmail.com,+923121000506,DEV-0403,IPH-0401,CVH-10506,Data Analytics,University of Karachi,BS Information Technology,5,2028,Karachi,3.05,4.0,546,303,11,1,0,20,Normal,1,1,3,1,1,1307.17,10080.0,2,1,0,0,0,0,0,79.9,0.07333,1,1.0,Typical pattern,41.4,Normal,no material alert signal
APP-2026-0368,2026-07-25 15:51:19,Hania Abbasi,haniaabbasi1367@yahoo.com,+923051000367,DEV-0417,IPH-0177,CVH-10367,Web Development,University of Sindh,BS Information Technology,8,2026,Hyderabad,3.55,4.0,601,899,7,1,0,15,Normal,1,1,3,7,1,10080.0,4061.4,1,1,0,0,0,0,0,72.9,0.1148,1,1.0,Typical pattern,36.7,Normal,no material alert signal
APP-2026-0417,2026-07-25 16:01:37,Maryam Rind,maryamrind1416@yahoo.com,+923041000416,DEV-0284,IPH-0397,CVH-10416,Data Analytics,Shah Abdul Latif University,BS Data Science,7,2027,Hyderabad,2.98,4.0,290,569,7,0,0,30,Normal,1,1,2,3,1,10080.0,4665.53,1,1,0,0,0,0,0,26.1,0.18127,1,1.0,Typical pattern,13.2,Normal,no material alert signal
APP-2026-0142,2026-07-25 16:56:47,Anaya Farooq,anayafarooq1141@student.edu.pk,+923021000141,DEV-0055,IPH-0039,CVH-10141,Business Intelligence,NED University,BS Computer Science,5,2028,Khairpur,2.57,4.0,477,517,9,1,1,15,Normal,1,1,2,6,1,10080.0,10080.0,1,1,0,0,0,0,0,59.6,0.1512,1,1.0,Typical pattern,30.0,Normal,no material alert signal
APP-2026-0137,2026-07-25 17:55:31,Iqra Farooq,iqrafarooq1136@gmail.com,+923021000136,DEV-0549,IPH-0043,CVH-10136,Business Intelligence,University of Sindh,BS Computer Science,5,2029,Islamabad,2.79,4.0,995,674,4,1,1,30,Normal,1,1,3,1,1,10080.0,10080.0,1,1,0,0,0,0,0,39.3,0.17246,1,1.0,Typical pattern,19.8,Normal,no material alert signal
APP-2026-0616,2026-07-25 18:23:57,Rida Khan,ridakhan1615@student.edu.pk,+923231000615,DEV-0457,IPH-0067,CVH-10615,Cloud & DevOps,Sukkur IBA University,BS Data Science,8,2026,Lahore,2.92,4.0,155,615,6,0,0,25,Normal,1,1,4,3,1,1484.05,10080.0,1,1,0,0,0,0,0,67.2,0.1377,1,1.0,Typical pattern,33.8,Normal,no material alert signal
APP-2026-0027,2026-07-25 18:44:38,Dua Memon,duamemon1026@student.edu.pk,+923151000026,DEV-0490,IPH-0443,CVH-10026,Web Development,NED University,BS Information Technology,5,2028,Khairpur,2.87,4.0,316,1025,7,1,0,40,Normal,1,1,4,2,1,10080.0,10080.0,1,1,0,0,0,0,0,35.7,0.17528,1,1.0,Typical pattern,18.0,Normal,no material alert signal
APP-2026-0615,2026-07-25 18:53:13,Zara Memon,zaramemon1614@yahoo.com,+923121000614,DEV-0131,IPH-0313,CVH-10614,Business Intelligence,University of Sindh,BBA,6,2028,Karachi,3.07,4.0,471,631,10,1,1,15,Normal,1,1,3,2,1,7086.48,10080.0,1,1,0,0,0,0,0,34.7,0.17564,1,1.0,Typical pattern,17.6,Normal,no material alert signal
APP-2026-0640,2026-07-25 19:51:42,Sajawal Baloch,sajawalbaloch1639@yahoo.com,+923331000639,DEV-0010,IPH-0066,CVH-10639,Data Analytics,FAST NUCES,BS Computer Science,7,2028,Islamabad,3.79,4.0,265,916,7,1,0,25,Normal,1,1,2,3,1,10080.0,10080.0,1,1,0,0,0,0,0,1.0,0.20561,1,1.0,Typical pattern,0.7,Normal,no material alert signal
APP-2026-0243,2026-07-25 20:54:46,Ammar Abbasi,ammarabbasi1242@student.edu.pk,+923211000242,DEV-0359,IPH-0047,CVH-10242,Data Analytics,FAST NUCES,BS Software Engineering,8,2026,Peshawar,2.85,4.0,255,587,5,0,0,35,Normal,1,1,1,4,1,10080.0,3182.57,1,1,0,0,0,0,0,60.6,0.14985,1,1.0,Typical pattern,30.5,Normal,no material alert signal
APP-2026-0019,2026-07-25 21:11:17,Komal Jatoi,komaljatoi1018@student.edu.pk,+923201000018,DEV-0548,IPH-0360,CVH-10018,Data Analytics,Mehran UET,BS Information Technology,5,2028,Karachi,3.4,4.0,574,651,6,1,0,35,Normal,1,1,2,3,1,10080.0,2989.62,1,1,0,0,0,0,0,30.8,0.17826,1,1.0,Typical pattern,15.6,Normal,no material alert signal
APP-2026-0073,2026-07-25 21:47:47,Komal Qureshi,komalqureshi1072@outlook.com,+923231000072,DEV-0254,IPH-0432,CVH-10072,Cloud & DevOps,SZABIST,BS Data Science,8,2026,Peshawar,2.39,4.0,249,695,8,0,0,40,Normal,1,1,4,5,1,10080.0,10080.0,1,1,0,0,0,0,0,60.4,0.14988,1,1.0,Typical pattern,30.4,Normal,no material alert signal
APP-2026-0492,2026-07-26 08:21:28,Mehak Rajput,mehakrajput1491@yahoo.com,+923161000491,DEV-0558,IPH-0212,CVH-10491,Cloud & DevOps,SZABIST,BS Software Engineering,7,2028,Hyderabad,2.92,4.0,220,735,7,1,0,35,Normal,1,1,3,2,1,5104.8,10080.0,1,1,0,0,0,0,0,24.4,0.18328,1,1.0,Typical pattern,12.4,Normal,no material alert signal
APP-2026-0105,2026-07-26 09:34:28,Laiba Malik,laibamalik1104@yahoo.com,+923221000104,DEV-0106,IPH-0289,CVH-10104,QA & Testing,IBA Karachi,BS Software Engineering,7,2027,Sukkur,2.86,4.0,277,324,7,0,0,30,Normal,1,1,4,2,1,5718.38,10080.0,1,1,0,0,0,0,0,47.8,0.16568,1,1.0,Typical pattern,24.1,Normal,no material alert signal
APP-2026-0038,2026-07-26 10:47:00,Zara Ansari,zaraansari1037@student.edu.pk,+923121000037,DEV-0450,IPH-0323,CVH-10037,UI/UX Design,COMSATS University,BS Data Science,5,2028,Hyderabad,3.85,4.0,1500,924,8,1,0,25,Normal,1,1,3,3,1,10080.0,3864.83,1,1,0,0,0,0,0,58.1,0.15393,1,1.0,Typical pattern,29.2,Normal,no material alert signal
APP-2026-0424,2026-07-26 10:51:34,Saad Rind,saadrind1423@outlook.com,+923111000423,DEV-0220,IPH-0254,CVH-10423,Business Intelligence,NED University,BBA,6,2027,Faisalabad,3.53,4.0,699,858,3,0,0,15,Normal,1,1,3,4,1,10080.0,10080.0,1,1,0,0,0,0,0,64.2,0.14414,1,1.0,Typical pattern,32.3,Normal,no material alert signal
APP-2026-0035,2026-07-26 13:01:23,Nimra Ahmed,nimraahmed1034@student.edu.pk,+923111000034,DEV-0070,IPH-0400,CVH-10034,Web Development,Mehran UET,BS Information Technology,8,2026,Karachi,3.78,4.0,250,815,3,1,0,20,Normal,1,1,3,1,1,10080.0,10080.0,1,1,0,0,0,0,0,26.0,0.18149,1,1.0,Typical pattern,13.2,Normal,no material alert signal
APP-2026-0571,2026-07-26 13:01:24,Taha Shaikh,tahashaikh1570@outlook.com,+923111000570,DEV-0006,IPH-0303,CVH-10570,Cloud & DevOps,COMSATS University,BS Computer Science,6,2028,Sukkur,2.93,4.0,484,511,9,1,0,15,Normal,1,1,4,5,1,5589.23,10080.0,1,1,0,0,0,0,0,66.7,0.13954,1,1.0,Typical pattern,33.6,Normal,no material alert signal
APP-2026-0302,2026-07-26 13:03:21,Waleed Soomro,waleedsoomro1301@outlook.com,+923021000301,DEV-0521,IPH-0431,CVH-10301,Web Development,IBA Karachi,BS Software Engineering,7,2027,Sukkur,3.39,4.0,320,673,6,0,0,30,Normal,1,1,5,3,1,10080.0,9986.2,1,1,0,0,0,0,0,48.9,0.16488,1,1.0,Typical pattern,24.6,Normal,no material alert signal
APP-2026-0281,2026-07-26 13:06:22,Sara Ali,saraali1280@gmail.com,+923041000280,DEV-0305,IPH-0049,CVH-10280,Data Analytics,University of Karachi,BS Data Science,5,2028,Karachi,3.38,4.0,416,1133,7,1,1,30,Normal,1,1,1,1,1,10080.0,10080.0,1,1,0,0,0,0,0,20.4,0.18693,1,1.0,Typical pattern,10.4,Normal,no material alert signal
APP-2026-0217,2026-07-26 13:09:34,Fatima Malik,fatimamalik1216@student.edu.pk,+923231000216,DEV-0191,IPH-0421,CVH-10216,Data Analytics,Shah Abdul Latif University,BBA,6,2027,Nawabshah,2.39,4.0,351,907,7,1,1,40,Normal,1,1,2,3,1,9968.6,5798.8,1,1,0,0,0,0,0,32.9,0.17651,1,1.0,Typical pattern,16.6,Normal,no material alert signal
APP-2026-0157,2026-07-26 13:36:02,Danish Qureshi,danishqureshi1156@outlook.com,+923051000156,DEV-0491,IPH-0024,CVH-10156,QA & Testing,Shah Abdul Latif University,BBA,8,2026,Khairpur,3.81,4.0,184,1055,6,0,1,20,Normal,1,1,1,2,1,10080.0,10080.0,1,1,0,0,0,0,0,30.7,0.17834,1,1.0,Typical pattern,15.6,Normal,no material alert signal
APP-2026-0185,2026-07-26 13:57:41,Hamza Rajput,hamzarajput1184@student.edu.pk,+923211000184,DEV-0499,IPH-0440,CVH-10184,QA & Testing,FAST NUCES,BS Data Science,6,2027,Khairpur,2.89,4.0,303,605,5,0,1,20,Normal,1,1,1,3,1,10080.0,10080.0,1,1,0,0,0,0,0,16.8,0.18966,1,1.0,Typical pattern,8.6,Normal,no material alert signal
APP-2026-0373,2026-07-26 14:34:41,Huzaifa Chandio,huzaifachandio1372@outlook.com,+923131000372,DEV-0450,IPH-0355,CVH-10372,QA & Testing,NED University,BBA,8,2026,Karachi,3.67,4.0,449,779,5,0,1,20,Normal,1,1,3,2,1,227.68,10080.0,2,1,0,0,0,0,0,79.2,0.07935,1,1.0,Typical pattern,41.0,Normal,no material alert signal
APP-2026-0213,2026-07-26 14:42:12,Zara Rajput,zararajput1212@student.edu.pk,+923031000212,DEV-0036,IPH-0131,CVH-10212,Web Development,IBA Karachi,BS Software Engineering,6,2027,Nawabshah,2.59,4.0,470,613,9,1,0,25,Normal,2,2,2,4,2,10080.0,10080.0,1,1,1,0,0,0,0,84.3,0.041,3,70.5,Identity reuse pattern,71.4,High,duplicate identity/CV reuse
APP-2026-0121,2026-07-26 15:27:12,Bilal Siddiqui,bilalsiddiqui1120@yahoo.com,+923121000120,DEV-0342,IPH-0021,CVH-10120,QA & Testing,NED University,BS Data Science,8,2027,Khairpur,2.87,4.0,806,561,6,1,0,25,Normal,1,1,2,3,1,10080.0,10080.0,1,1,0,0,0,0,0,8.5,0.19493,1,1.0,Typical pattern,4.4,Normal,no material alert signal
APP-2026-0249,2026-07-26 15:34:26,Taha Narejo,tahanarejo1248@outlook.com,+923201000248,DEV-0388,IPH-0330,CVH-10248,Cloud & DevOps,FAST NUCES,BS Computer Science,7,2027,Multan,3.11,4.0,155,727,5,1,1,20,Normal,1,1,3,1,1,4126.2,10080.0,1,1,0,0,0,0,0,57.2,0.15595,1,1.0,Typical pattern,28.8,Normal,no material alert signal
APP-2026-0437,2026-07-26 16:00:10,Rida Abbasi,ridaabbasi1436@gmail.com,+923211000436,DEV-0240,IPH-0361,CVH-10436,Cloud & DevOps,COMSATS University,BS Software Engineering,8,2026,Lahore,3.45,4.0,496,279,4,1,0,30,Normal,1,1,4,2,1,1843.15,10080.0,1,1,0,0,0,0,0,70.3,0.13126,1,1.0,Typical pattern,35.4,Normal,no material alert signal
APP-2026-0216,2026-07-26 16:10:26,Aiman Chandio,aimanchandio1215@student.edu.pk,+923131000215,DEV-0419,IPH-0421,CVH-10215,Business Intelligence,SZABIST,BS Information Technology,8,2026,Islamabad,3.1,4.0,217,957,9,0,0,25,Normal,1,1,2,3,1,10080.0,180.87,1,2,0,0,0,0,0,78.2,0.08596,1,1.0,Typical pattern,39.3,Normal,no material alert signal
APP-2026-0629,2026-07-26 16:46:37,Bilal Mirza,bilalmirza1628@outlook.com,+923341000628,DEV-0490,IPH-0402,CVH-10628,Data Analytics,University of Sindh,BBA,7,2028,Hyderabad,2.6,4.0,399,428,6,1,0,20,Normal,1,1,4,2,1,1321.98,10080.0,2,1,0,0,0,0,0,75.6,0.10142,1,1.0,Typical pattern,39.2,Normal,no material alert signal
APP-2026-0194,2026-07-26 18:46:23,Dua Chandio,duachandio1193@student.edu.pk,+923311000193,DEV-0056,IPH-0073,CVH-10193,Cloud & DevOps,Sukkur IBA University,BS Data Science,8,2026,Karachi,2.94,4.0,310,956,7,1,0,30,Normal,1,1,3,2,1,4834.8,10080.0,1,1,0,0,0,0,0,14.0,0.1911,1,1.0,Typical pattern,7.2,Normal,no material alert signal
APP-2026-0681,2026-07-26 19:00:00,Zara Siddiqui,zarasiddiqui6681@gmail.com,+923011005681,DEV-BURST-1,IPH-BURST-1,CVH-R00681,Business Intelligence,NED University,BBA,8,2026,Sukkur,2.69,4.0,47,281,7,0,1,40,Rapid Burst,1,1,6,6,1,10080.0,10080.0,1,1,0,1,0,0,0,84.0,0.04415,1,1.0,Typical pattern,54.0,Review,rapid or burst submission
APP-2026-0682,2026-07-26 19:00:45,Muneeb Shaikh,muneebshaikh6682@outlook.com,+923011005682,DEV-BURST-1,IPH-BURST-1,CVH-R00682,UI/UX Design,NED University,BS Mathematics,6,2027,Islamabad,2.71,4.0,33,153,8,0,0,30,Rapid Burst,1,1,6,6,1,0.75,0.75,2,2,0,1,0,0,1,96.1,-0.05563,2,100.0,Rapid submission pattern,81.0,Critical,rapid or burst submission
APP-2026-0683,2026-07-26 19:01:46,Saad Rind,saadrind6683@outlook.com,+923231005683,DEV-BURST-1,IPH-BURST-1,CVH-R00683,Business Intelligence,Mehran UET,BBA,7,2027,Islamabad,2.87,4.0,35,173,4,0,0,25,Rapid Burst,1,1,6,6,1,1.02,1.02,3,3,0,1,0,0,1,96.4,-0.05801,2,100.0,Rapid submission pattern,82.4,Critical,rapid or burst submission
APP-2026-0684,2026-07-26 19:02:03,Sana Ali,sanaali6684@yahoo.com,+923031005684,DEV-BURST-1,IPH-BURST-1,CVH-R00684,Web Development,COMSATS University,BBA,7,2027,Islamabad,3.0,4.0,42,264,4,1,0,25,Rapid Burst,1,1,6,6,1,0.28,0.28,4,4,0,1,0,0,1,97.8,-0.07705,2,100.0,Rapid submission pattern,84.3,Critical,rapid or burst submission
APP-2026-0686,2026-07-26 19:02:35,Mahnoor Chandio,mahnoorchandio6686@yahoo.com,+923201005686,DEV-BURST-1,IPH-BURST-1,CVH-R00686,UI/UX Design,SZABIST,BS Information Technology,5,2028,Karachi,2.51,4.0,45,383,2,0,1,40,Rapid Burst,1,1,6,6,1,0.53,0.53,5,5,0,1,0,0,1,99.0,-0.09916,2,100.0,Rapid submission pattern,86.1,Critical,rapid or burst submission
APP-2026-0638,2026-07-26 19:03:03,Ammar Mirza,ammarmirza1637@outlook.com,+923231000637,DEV-0052,IPH-0199,CVH-10637,Data Analytics,University of Karachi,BS Software Engineering,8,2026,Multan,2.69,4.0,597,748,7,0,1,25,Normal,1,1,2,3,1,1932.68,5651.23,1,1,0,0,0,0,0,61.4,0.14851,1,1.0,Typical pattern,30.9,Normal,no material alert signal
APP-2026-0685,2026-07-26 19:03:36,Hira Khan,hirakhan6685@outlook.com,+923211005685,DEV-BURST-1,IPH-BURST-1,CVH-R00685,QA & Testing,SZABIST,BS Computer Science,6,2027,Khairpur,2.97,4.0,69,93,3,0,0,40,Rapid Burst,1,1,6,6,1,1.02,1.02,6,6,0,1,1,1,1,100.0,-0.14433,2,100.0,Rapid submission pattern,100.0,Critical,rapid or burst submission; inconsistent application data
APP-2026-0652,2026-07-26 19:19:12,Zara Rajput,zararajput1212@student.edu.pk,+923031000212,DEV-0036,IPH-0131,CVH-10212,QA & Testing,IBA Karachi,BS Software Engineering,6,2027,Nawabshah,2.59,4.0,106,613,9,1,0,25,Duplicate,2,2,2,4,2,277.0,277.0,2,2,1,0,0,0,1,89.4,-0.00246,3,70.5,Identity reuse pattern,75.2,Critical,duplicate identity/CV reuse
APP-2026-0359,2026-07-26 19:45:16,Muneeb Baloch,muneebbaloch1358@yahoo.com,+923111000358,DEV-0006,IPH-0145,CVH-10358,Business Intelligence,Sukkur IBA University,BBA,8,2026,Karachi,3.13,4.0,340,773,5,0,1,35,Normal,1,1,4,2,1,403.87,10080.0,2,1,0,0,0,0,0,79.3,0.07907,1,1.0,Typical pattern,41.1,Normal,no material alert signal
APP-2026-0435,2026-07-26 19:54:52,Rabia Iqbal,rabiaiqbal1434@student.edu.pk,+923321000434,DEV-0540,IPH-0086,CVH-10434,Data Analytics,IBA Karachi,BS Information Technology,7,2028,Karachi,3.38,4.0,258,787,6,1,0,30,Normal,1,1,1,1,1,10080.0,10080.0,1,1,0,0,0,0,0,12.2,0.19193,1,1.0,Typical pattern,6.3,Normal,no material alert signal
APP-2026-0146,2026-07-26 20:04:26,Rida Baloch,ridabaloch1145@outlook.com,+923051000145,DEV-0490,IPH-0228,CVH-10145,Data Analytics,IBA Karachi,BS Mathematics,8,2026,Karachi,2.94,4.0,361,660,5,0,0,30,Normal,1,1,4,2,1,197.82,10080.0,2,1,0,0,0,0,0,80.7,0.06817,1,1.0,Typical pattern,41.8,Normal,no material alert signal
APP-2026-0228,2026-07-26 21:08:28,Ahmed Ahmed,ahmedahmed1227@gmail.com,+923311000227,DEV-0014,IPH-0142,CVH-10227,Data Analytics,University of Karachi,BS Mathematics,7,2028,Karachi,3.38,4.0,658,797,9,1,0,40,Normal,1,1,1,2,1,10080.0,10080.0,1,1,0,0,0,0,0,36.8,0.17429,1,1.0,Typical pattern,18.6,Normal,no material alert signal
APP-2026-0486,2026-07-26 21:31:19,Huzaifa Shaikh,huzaifashaikh1485@gmail.com,+923111000485,DEV-0264,IPH-0282,CVH-10485,UI/UX Design,University of Karachi,BS Information Technology,8,2026,Islamabad,2.99,4.0,388,908,5,1,0,20,Normal,1,1,1,2,1,10080.0,10080.0,1,1,0,0,0,0,0,6.4,0.19679,1,1.0,Typical pattern,3.4,Normal,no material alert signal
APP-2026-0375,2026-07-26 21:49:14,Muneeb Rind,muneebrind1374@outlook.com,+923151000374,DEV-0328,IPH-0270,CVH-10374,Data Analytics,Mehran UET,BS Computer Science,8,2027,Karachi,2.11,4.0,378,725,4,0,0,25,Normal,1,1,3,1,1,10080.0,10080.0,1,1,0,0,0,0,0,13.1,0.19158,1,1.0,Typical pattern,6.8,Normal,no material alert signal
APP-2026-0367,2026-07-27 11:09:11,Zain Memon,zainmemon1366@student.edu.pk,+923201000366,DEV-0425,IPH-0257,CVH-10366,Cloud & DevOps,SZABIST,BS Software Engineering,5,2028,Islamabad,3.47,4.0,550,647,4,1,0,20,Normal,1,1,2,5,1,10080.0,10080.0,1,1,0,0,0,0,0,35.0,0.17553,1,1.0,Typical pattern,17.7,Normal,no material alert signal
APP-2026-0405,2026-07-27 13:45:59,Aqsa Mirza,aqsamirza1404@gmail.com,+923201000404,DEV-0337,IPH-0337,CVH-10404,Business Intelligence,Sukkur IBA University,BS Mathematics,7,2027,Sukkur,2.2,4.0,280,823,7,1,0,30,Normal,1,1,3,1,1,10080.0,10080.0,1,1,0,0,0,0,0,3.5,0.19911,1,1.0,Typical pattern,2.0,Normal,no material alert signal
APP-2026-0293,2026-07-27 14:39:05,Hira Ahmed,hiraahmed1292@student.edu.pk,+923201000292,DEV-0247,IPH-0283,CVH-10292,Cloud & DevOps,University of Karachi,BS Mathematics,8,2027,Karachi,3.15,4.0,218,830,3,0,0,20,Normal,1,1,1,2,1,10080.0,10080.0,1,1,0,0,0,0,0,36.7,0.1744,1,1.0,Typical pattern,18.6,Normal,no material alert signal
APP-2026-0580,2026-07-27 14:49:02,Maryam Mirza,maryammirza1579@outlook.com,+923051000579,DEV-0532,IPH-0297,CVH-10579,Cloud & DevOps,IBA Karachi,BBA,6,2028,Peshawar,2.57,4.0,218,851,6,0,1,25,Normal,1,1,2,4,1,10080.0,10080.0,1,1,0,0,0,0,0,17.9,0.18868,1,1.0,Typical pattern,9.1,Normal,no material alert signal
APP-2026-0057,2026-07-27 14:52:51,Fahad Rind,fahadrind1056@gmail.com,+923151000056,DEV-0121,IPH-0241,CVH-10056,UI/UX Design,Shah Abdul Latif University,BS Computer Science,6,2027,Multan,2.88,4.0,243,488,9,1,1,40,Normal,1,1,3,3,1,8441.83,9756.55,1,1,0,0,0,0,0,46.8,0.16652,1,1.0,Typical pattern,23.6,Normal,no material alert signal
APP-2026-0530,2026-07-27 16:05:38,Sana Qureshi,sanaqureshi1529@student.edu.pk,+923221000529,DEV-0302,IPH-0237,CVH-10529,Data Analytics,Sukkur IBA University,BBA,8,2026,Nawabshah,2.73,4.0,451,817,6,0,1,30,Normal,1,1,2,3,1,10080.0,7424.03,1,1,0,0,0,0,0,12.9,0.19159,1,1.0,Typical pattern,6.6,Normal,no material alert signal
APP-2026-0444,2026-07-27 16:46:22,Hassan Chandio,hassanchandio1443@outlook.com,+923201000443,DEV-0453,IPH-0010,CVH-10443,QA & Testing,University of Karachi,BS Software Engineering,5,2028,Hyderabad,3.44,4.0,375,1348,8,1,1,30,Normal,1,1,1,2,1,10080.0,10080.0,1,1,0,0,0,0,0,24.3,0.18371,1,1.0,Typical pattern,12.4,Normal,no material alert signal
APP-2026-0125,2026-07-27 17:09:36,Sara Ali,saraali1124@outlook.com,+923211000124,DEV-0288,IPH-0267,CVH-10124,Data Analytics,Sukkur IBA University,BS Software Engineering,8,2026,Faisalabad,3.95,4.0,530,277,4,0,1,30,Normal,1,1,2,2,1,10080.0,10080.0,1,1,0,0,0,0,0,40.4,0.17128,1,1.0,Typical pattern,20.4,Normal,no material alert signal
APP-2026-0362,2026-07-27 17:35:20,Rabia Shaikh,rabiashaikh1361@yahoo.com,+923321000361,DEV-0185,IPH-0130,CVH-10361,Web Development,IBA Karachi,BS Software Engineering,6,2027,Peshawar,3.27,4.0,433,942,6,0,1,25,Normal,1,1,3,2,1,10080.0,10080.0,1,1,0,0,0,0,0,3.3,0.19963,1,1.0,Typical pattern,1.8,Normal,no material alert signal
APP-2026-0210,2026-07-27 17:43:31,Rabia Qureshi,rabiaqureshi1209@yahoo.com,+923341000209,DEV-0523,IPH-0239,CVH-10209,QA & Testing,Shah Abdul Latif University,BBA,5,2028,Islamabad,2.77,4.0,367,1028,6,0,1,30,Normal,1,1,1,4,1,10080.0,5602.65,1,1,0,0,0,0,0,39.4,0.17235,1,1.0,Typical pattern,19.9,Normal,no material alert signal
APP-2026-0309,2026-07-27 18:14:13,Laiba Ali,laibaali1308@gmail.com,+923221000308,DEV-0028,IPH-0039,CVH-10308,Data Analytics,IBA Karachi,BS Computer Science,8,2027,Faisalabad,2.49,4.0,478,859,5,0,1,20,Normal,1,1,2,6,1,10080.0,2957.43,1,1,0,0,0,0,0,65.7,0.14133,1,1.0,Typical pattern,33.1,Normal,no material alert signal
APP-2026-0457,2026-07-27 18:50:33,Saad Narejo,saadnarejo1456@yahoo.com,+923321000456,DEV-0328,IPH-0230,CVH-10456,Data Analytics,IBA Karachi,BBA,8,2026,Islamabad,2.51,4.0,295,892,8,0,0,20,Normal,2,2,3,3,2,1261.32,10080.0,2,1,1,0,0,0,1,90.4,-0.01088,3,70.5,Identity reuse pattern,75.7,Critical,duplicate identity/CV reuse
APP-2026-0291,2026-07-27 18:53:30,Laiba Iqbal,laibaiqbal1290@student.edu.pk,+923011000290,DEV-0337,IPH-0100,CVH-10290,Business Intelligence,FAST NUCES,BS Data Science,6,2028,Peshawar,2.78,4.0,532,355,6,1,1,20,Normal,1,1,3,1,1,307.52,10080.0,2,1,0,0,0,0,0,78.9,0.08043,1,1.0,Typical pattern,40.9,Normal,no material alert signal
APP-2026-0230,2026-07-27 19:16:41,Saad Narejo,saadnarejo1229@gmail.com,+923341000229,DEV-0255,IPH-0067,CVH-10229,Business Intelligence,Sukkur IBA University,BS Information Technology,8,2026,Khairpur,3.25,4.0,293,709,12,0,1,25,Normal,1,1,3,3,1,10080.0,2932.73,1,1,0,0,0,0,0,61.1,0.14925,1,1.0,Typical pattern,30.8,Normal,no material alert signal
APP-2026-0070,2026-07-27 19:31:46,Fatima Siddiqui,fatimasiddiqui1069@gmail.com,+923031000069,DEV-0316,IPH-0185,CVH-10069,Web Development,IBA Karachi,BS Computer Science,8,2026,Lahore,3.45,4.0,295,810,7,1,1,35,Normal,1,1,1,1,1,10080.0,10080.0,1,1,0,0,0,0,0,21.8,0.18625,1,1.0,Typical pattern,11.1,Normal,no material alert signal
APP-2026-0645,2026-07-27 20:13:33,Saad Narejo,saadnarejo1456@yahoo.com,+923321000456,DEV-0328,IPH-0230,CVH-10456,Cloud & DevOps,IBA Karachi,BBA,8,2026,Islamabad,2.51,4.0,117,892,8,0,0,20,Duplicate,2,2,3,3,2,83.0,83.0,3,2,1,0,0,0,1,95.3,-0.04877,3,70.5,Identity reuse pattern,79.4,Critical,duplicate identity/CV reuse
APP-2026-0058,2026-07-27 20:47:04,Bilal Khan,bilalkhan1057@yahoo.com,+923151000057,DEV-0243,IPH-0310,CVH-10057,Data Analytics,COMSATS University,BS Computer Science,8,2026,Hyderabad,3.21,4.0,202,774,5,1,1,30,Normal,1,1,2,6,1,10080.0,10080.0,1,1,0,0,0,0,0,56.1,0.1574,1,1.0,Typical pattern,28.2,Normal,no material alert signal
APP-2026-0246,2026-07-27 23:05:51,Mahnoor Chandio,mahnoorchandio1245@student.edu.pk,+923321000245,DEV-0544,IPH-0366,CVH-10245,QA & Testing,Sukkur IBA University,BS Computer Science,8,2026,Multan,2.38,4.0,320,678,9,0,0,25,Normal,1,1,1,1,1,10080.0,10080.0,1,1,0,0,0,0,0,14.3,0.19105,1,1.0,Typical pattern,7.4,Normal,no material alert signal
APP-2026-0084,2026-07-27 23:45:11,Saad Ali,saadali1083@gmail.com,+923311000083,DEV-0034,IPH-0276,CVH-10083,Cloud & DevOps,University of Karachi,BS Mathematics,7,2028,Nawabshah,3.28,4.0,355,368,9,1,1,25,Normal,1,1,2,4,1,10080.0,10080.0,1,1,0,0,0,0,0,20.3,0.18696,1,1.0,Typical pattern,10.4,Normal,no material alert signal
APP-2026-0191,2026-07-27 23:51:44,Rayyan Mirza,rayyanmirza1190@gmail.com,+923151000190,DEV-0123,IPH-0385,CVH-10190,QA & Testing,University of Karachi,BS Computer Science,7,2027,Khairpur,2.6,4.0,259,416,6,0,0,15,Normal,1,1,1,2,1,10080.0,10080.0,1,1,0,0,0,0,0,36.0,0.17516,1,1.0,Typical pattern,18.2,Normal,no material alert signal
APP-2026-0048,2026-07-27 23:55:37,Mehak Baloch,mehakbaloch1047@gmail.com,+923211000047,DEV-0253,IPH-0051,CVH-10047,QA & Testing,FAST NUCES,BS Information Technology,8,2026,Khairpur,3.1,4.0,313,722,10,1,1,20,Normal,1,1,2,1,1,10080.0,10080.0,1,1,0,0,0,0,0,12.1,0.19197,1,1.0,Typical pattern,6.2,Normal,no material alert signal
APP-2026-0319,2026-07-28 08:21:53,Noor Rajput,noorrajput1318@outlook.com,+923031000318,DEV-0070,IPH-0104,CVH-10318,QA & Testing,COMSATS University,BS Computer Science,7,2027,Hyderabad,2.85,4.0,526,274,3,1,0,30,Normal,1,1,3,3,1,2600.5,10080.0,1,1,0,0,0,0,0,68.2,0.13587,1,1.0,Typical pattern,34.3,Normal,no material alert signal
APP-2026-0037,2026-07-28 08:30:02,Bilal Abbasi,bilalabbasi1036@student.edu.pk,+923321000036,DEV-0368,IPH-0178,CVH-10036,Cloud & DevOps,University of Karachi,BS Software Engineering,7,2028,Peshawar,2.79,4.0,330,1065,12,1,0,20,Normal,1,1,4,1,1,4082.43,10080.0,1,1,0,0,0,0,0,67.1,0.1379,1,1.0,Typical pattern,33.8,Normal,no material alert signal
APP-2026-0298,2026-07-28 08:58:23,Sana Ahmed,sanaahmed1297@yahoo.com,+923001000297,DEV-0020,IPH-0249,CVH-10297,UI/UX Design,FAST NUCES,BS Computer Science,8,2026,Hyderabad,2.91,4.0,713,1172,4,1,1,40,Normal,2,2,3,2,2,10080.0,10080.0,1,1,1,0,0,0,0,87.4,0.00955,3,70.5,Identity reuse pattern,73.0,High,duplicate identity/CV reuse
APP-2026-0447,2026-07-28 09:05:55,Zara Narejo,zaranarejo1446@gmail.com,+923121000446,DEV-0314,IPH-0351,CVH-10446,Web Development,University of Karachi,BS Software Engineering,8,2026,Hyderabad,2.53,4.0,413,279,4,0,1,20,Normal,1,1,1,4,1,10080.0,7097.83,1,1,0,0,0,0,0,63.1,0.14601,1,1.0,Typical pattern,31.8,Normal,no material alert signal
APP-2026-0537,2026-07-28 10:24:19,Noor Farooq,noorfarooq1536@outlook.com,+923111000536,DEV-0497,IPH-0336,CVH-10536,UI/UX Design,COMSATS University,BS Software Engineering,6,2027,Karachi,2.95,4.0,314,498,11,1,1,25,Normal,1,1,3,1,1,10080.0,10080.0,1,1,0,0,0,0,0,21.9,0.18616,1,1.0,Typical pattern,11.1,Normal,no material alert signal
APP-2026-0350,2026-07-28 10:53:59,Iqra Baloch,iqrabaloch1349@gmail.com,+923341000349,DEV-0100,IPH-0447,CVH-10349,Business Intelligence,Shah Abdul Latif University,BS Software Engineering,8,2027,Karachi,2.83,4.0,485,931,4,0,0,40,Normal,1,1,1,4,1,10080.0,10080.0,1,1,0,0,0,0,0,56.9,0.15607,1,1.0,Typical pattern,28.6,Normal,no material alert signal
APP-2026-0611,2026-07-28 10:57:17,Fatima Malik,fatimamalik1610@gmail.com,+923171000610,DEV-0521,IPH-0310,CVH-10610,UI/UX Design,NED University,BS Data Science,7,2027,Khairpur,3.2,4.0,388,294,6,1,1,25,Normal,1,1,5,6,1,2753.93,850.22,1,2,0,0,0,0,0,82.8,0.05124,1,1.0,Typical pattern,41.6,Normal,no material alert signal
APP-2026-0543,2026-07-28 12:20:11,Muneeb Shaikh,muneebshaikh1542@student.edu.pk,+923051000542,DEV-0017,IPH-0235,CVH-10542,QA & Testing,NED University,BS Computer Science,8,2026,Karachi,2.77,4.0,370,511,3,1,0,25,Normal,1,1,2,5,1,10080.0,10080.0,1,1,0,0,0,0,0,41.4,0.17004,1,1.0,Typical pattern,20.9,Normal,no material alert signal
APP-2026-0114,2026-07-28 12:23:10,Zara Qureshi,zaraqureshi1113@outlook.com,+923151000113,DEV-0169,IPH-0276,CVH-10113,Web Development,Mehran UET,BBA,8,2026,Khairpur,2.49,4.0,302,718,9,0,1,25,Normal,1,1,1,4,1,10080.0,757.98,1,2,0,0,0,0,0,73.9,0.11068,1,1.0,Typical pattern,37.2,Normal,no material alert signal
APP-2026-0102,2026-07-28 12:41:49,Anaya Rajput,anayarajput1101@outlook.com,+923111000101,DEV-0390,IPH-0138,CVH-10101,Business Intelligence,SZABIST,BS Computer Science,7,2027,Karachi,3.23,4.0,151,1072,6,1,0,25,Normal,1,1,4,2,1,10080.0,10080.0,1,1,0,0,0,0,0,34.6,0.17589,1,1.0,Typical pattern,17.5,Normal,no material alert signal
APP-2026-0473,2026-07-28 12:44:04,Mehak Rind,mehakrind1472@outlook.com,+923171000472,DEV-0067,IPH-0104,CVH-10472,Business Intelligence,NED University,BS Mathematics,5,2028,Hyderabad,2.81,4.0,439,777,8,1,0,20,Normal,1,1,5,3,1,9743.65,262.18,1,2,0,0,0,0,0,77.8,0.08939,1,1.0,Typical pattern,39.1,Normal,no material alert signal
APP-2026-0278,2026-07-28 13:13:08,Mahnoor Ali,mahnoorali1277@gmail.com,+923011000277,DEV-0163,IPH-0124,CVH-10277,UI/UX Design,NED University,BS Computer Science,5,2029,Karachi,3.06,4.0,846,869,9,0,1,30,Normal,1,1,2,2,1,10080.0,10080.0,1,1,0,0,0,0,0,24.7,0.18282,1,1.0,Typical pattern,12.5,Normal,no material alert signal
APP-2026-0706,2026-07-28 13:27:00,Mehak Farooq,mehakfarooq10706@yahoo.com,+923211009706,DEV-I0706,IPH-I0706,CVH-I00706,Data Analytics,SZABIST,BS Computer Science,7,2027,Hyderabad,3.68,4.0,357,59,3,0,0,70,Inconsistent,1,1,1,1,1,10080.0,10080.0,1,1,0,0,1,1,1,92.4,-0.02473,0,53.9,Data inconsistency pattern,70.9,High,inconsistent application data
APP-2026-0313,2026-07-28 13:55:02,Muneeb Farooq,muneebfarooq1312@gmail.com,+923011000312,DEV-0537,IPH-0430,CVH-10312,Web Development,University of Karachi,BS Software Engineering,8,2027,Hyderabad,2.97,4.0,423,594,5,1,1,25,Normal,1,1,3,1,1,10080.0,10080.0,1,1,0,0,0,0,0,2.9,0.19975,1,1.0,Typical pattern,1.6,Normal,no material alert signal
APP-2026-0274,2026-07-28 14:08:35,Bilal Malik,bilalmalik1273@gmail.com,+923161000273,DEV-0486,IPH-0142,CVH-10273,QA & Testing,Mehran UET,BS Information Technology,8,2026,Sukkur,3.0,4.0,528,1337,8,1,0,30,Normal,1,1,2,2,1,10080.0,2460.12,1,1,0,0,0,0,0,37.4,0.17401,1,1.0,Typical pattern,18.9,Normal,no material alert signal
APP-2026-0388,2026-07-28 15:20:34,Huzaifa Ali,huzaifaali1387@gmail.com,+923011000387,DEV-0307,IPH-0120,CVH-10387,QA & Testing,Shah Abdul Latif University,BS Information Technology,6,2027,Khairpur,3.0,4.0,327,702,8,1,0,25,Normal,1,1,1,1,1,10080.0,10080.0,1,1,0,0,0,0,0,4.9,0.19789,1,1.0,Typical pattern,2.7,Normal,no material alert signal
APP-2026-0263,2026-07-28 16:20:16,Areeba Soomro,areebasoomro1262@gmail.com,+923211000262,DEV-0371,IPH-0441,CVH-10262,Web Development,FAST NUCES,BS Data Science,7,2028,Khairpur,2.99,4.0,602,191,5,1,0,25,Normal,1,1,2,2,1,10080.0,8771.35,1,1,0,0,0,0,0,40.8,0.17035,1,1.0,Typical pattern,20.6,Normal,no material alert signal
APP-2026-0010,2026-07-28 16:41:25,Hassan Mirza,hassanmirza1009@outlook.com,+923021000009,DEV-0318,IPH-0417,CVH-10009,Business Intelligence,Sukkur IBA University,BBA,8,2026,Khairpur,3.06,4.0,522,1040,5,1,1,20,Normal,1,1,2,1,1,10080.0,10080.0,1,1,0,0,0,0,0,17.1,0.18936,1,1.0,Typical pattern,8.8,Normal,no material alert signal
APP-2026-0623,2026-07-28 16:52:11,Fahad Chandio,fahadchandio1622@outlook.com,+923221000622,DEV-0412,IPH-0439,CVH-10622,Data Analytics,NED University,BBA,8,2026,Hyderabad,2.85,4.0,463,982,5,0,0,20,Normal,1,1,1,2,1,10080.0,10080.0,1,1,0,0,0,0,0,17.2,0.18919,1,1.0,Typical pattern,8.8,Normal,no material alert signal
APP-2026-0015,2026-07-28 17:07:38,Saad Ansari,saadansari1014@yahoo.com,+923021000014,DEV-0537,IPH-0431,CVH-10014,QA & Testing,University of Karachi,BS Data Science,5,2028,Islamabad,2.39,4.0,299,476,5,0,0,30,Normal,1,1,3,3,1,192.6,3124.28,2,1,0,0,0,0,0,82.9,0.05103,1,1.0,Typical pattern,42.9,Normal,no material alert signal
APP-2026-0128,2026-07-28 17:09:36,Hira Mirza,hiramirza1127@student.edu.pk,+923171000127,DEV-0028,IPH-0213,CVH-10127,Cloud & DevOps,University of Sindh,BBA,6,2028,Peshawar,3.39,4.0,696,973,7,1,0,20,Normal,1,1,2,2,1,1375.38,5918.93,2,1,0,0,0,0,0,77.1,0.09346,1,1.0,Typical pattern,40.0,Normal,no material alert signal
APP-2026-0064,2026-07-28 17:25:11,Huzaifa Jatoi,huzaifajatoi1063@student.edu.pk,+923211000063,DEV-0520,IPH-0432,CVH-10063,Business Intelligence,FAST NUCES,BS Software Engineering,6,2028,Multan,3.2,4.0,417,411,5,0,0,25,Normal,1,1,1,5,1,10080.0,4057.4,1,1,0,0,0,0,0,62.2,0.14693,1,1.0,Typical pattern,31.3,Normal,no material alert signal
APP-2026-0665,2026-07-28 17:44:23,Sana Ahmed,sanaahmed1297@yahoo.com,+923001000297,DEV-0020,IPH-0249,CVH-10297,Data Analytics,FAST NUCES,BS Computer Science,8,2026,Hyderabad,2.91,4.0,68,1172,4,1,1,40,Duplicate,2,2,3,2,2,526.0,526.0,2,2,1,0,0,0,1,93.2,-0.02896,3,70.5,Identity reuse pattern,77.1,Critical,duplicate identity/CV reuse
APP-2026-0205,2026-07-28 18:33:26,Rayyan Mirza,rayyanmirza1204@student.edu.pk,+923031000204,DEV-0545,IPH-0186,CVH-10204,QA & Testing,IBA Karachi,BS Data Science,8,2026,Nawabshah,2.9,4.0,275,579,5,1,1,40,Normal,2,2,2,2,2,10080.0,10080.0,1,1,1,0,0,0,0,86.2,0.02396,3,70.5,Identity reuse pattern,72.4,High,duplicate identity/CV reuse
APP-2026-0118,2026-07-28 18:52:31,Mehak Jatoi,mehakjatoi1117@yahoo.com,+923111000117,DEV-0015,IPH-0033,CVH-10117,UI/UX Design,FAST NUCES,BS Software Engineering,8,2026,Lahore,3.41,4.0,490,180,6,0,0,25,Normal,1,1,2,1,1,6021.85,10080.0,1,1,0,0,0,0,0,62.5,0.1466,1,1.0,Typical pattern,31.4,Normal,no material alert signal
APP-2026-0043,2026-07-28 19:20:39,Sara Ahmed,saraahmed1042@yahoo.com,+923131000042,DEV-0161,IPH-0287,CVH-10042,Data Analytics,FAST NUCES,BS Data Science,8,2026,Hyderabad,3.11,4.0,293,941,6,0,1,40,Normal,1,1,3,1,1,10080.0,10080.0,1,1,0,0,0,0,0,32.8,0.17651,1,1.0,Typical pattern,16.6,Normal,no material alert signal
APP-2026-0513,2026-07-28 19:24:22,Sara Ahmed,saraahmed1512@outlook.com,+923341000512,DEV-0271,IPH-0079,CVH-10512,Business Intelligence,FAST NUCES,BS Software Engineering,7,2027,Faisalabad,2.88,4.0,393,393,5,1,0,20,Normal,1,1,1,4,1,10080.0,10080.0,1,1,0,0,0,0,0,31.2,0.17806,1,1.0,Typical pattern,15.8,Normal,no material alert signal
APP-2026-0414,2026-07-28 20:00:43,Taha Khan,tahakhan1413@gmail.com,+923031000413,DEV-0235,IPH-0331,CVH-10413,Data Analytics,Sukkur IBA University,BS Information Technology,6,2028,Hyderabad,2.46,4.0,683,558,3,1,0,25,Normal,1,1,2,1,1,10080.0,10080.0,1,1,0,0,0,0,0,23.6,0.18501,1,1.0,Typical pattern,12.0,Normal,no material alert signal
APP-2026-0452,2026-07-28 20:48:26,Sara Ahmed,saraahmed1451@outlook.com,+923131000451,DEV-0470,IPH-0079,CVH-10451,QA & Testing,Sukkur IBA University,BS Software Engineering,8,2026,Faisalabad,3.04,4.0,737,634,8,0,1,20,Normal,1,1,4,4,1,10080.0,84.07,1,2,0,0,0,0,0,80.6,0.06927,1,1.0,Typical pattern,40.5,Normal,no material alert signal
APP-2026-0181,2026-07-28 22:16:43,Saad Iqbal,saadiqbal1180@outlook.com,+923131000180,DEV-0279,IPH-0367,CVH-10180,QA & Testing,Shah Abdul Latif University,BS Computer Science,8,2027,Peshawar,3.01,4.0,275,540,6,0,1,30,Normal,1,1,1,1,1,10080.0,10080.0,1,1,0,0,0,0,0,12.5,0.19182,1,1.0,Typical pattern,6.4,Normal,no material alert signal
APP-2026-0713,2026-07-28 22:53:00,Anaya Ahmed,anayaahmed10713@gmail.com,+923171009713,DEV-I0713,IPH-I0713,CVH-I00713,UI/UX Design,Sukkur IBA University,BS Data Science,5,2025,Sukkur,3.03,4.0,272,231,7,1,0,35,Inconsistent,1,1,1,1,1,10080.0,10080.0,1,1,0,0,1,1,0,81.7,0.05974,0,53.9,Data inconsistency pattern,65.5,High,inconsistent application data
APP-2026-0642,2026-07-29 04:44:26,Rayyan Mirza,rayyanmirza1204@student.edu.pk,+923031000204,DEV-0545,IPH-0186,CVH-10204,QA & Testing,IBA Karachi,BS Data Science,8,2026,Nawabshah,2.9,4.0,79,579,5,1,1,40,Duplicate,2,2,2,2,2,611.0,611.0,2,2,1,0,0,0,1,92.1,-0.02268,3,70.5,Identity reuse pattern,76.6,Critical,duplicate identity/CV reuse
APP-2026-0012,2026-07-29 09:06:28,Waleed Narejo,waleednarejo1011@student.edu.pk,+923331000011,DEV-0335,IPH-0075,CVH-10011,Business Intelligence,FAST NUCES,BS Information Technology,8,2026,Karachi,2.95,4.0,368,656,5,1,0,20,Normal,1,1,3,1,1,6567.92,10080.0,1,1,0,0,0,0,0,17.5,0.18904,1,1.0,Typical pattern,9.0,Normal,no material alert signal
APP-2026-0330,2026-07-29 09:41:14,Hania Iqbal,haniaiqbal1329@outlook.com,+923041000329,DEV-0239,IPH-0393,CVH-10329,Data Analytics,FAST NUCES,BS Information Technology,8,2026,Islamabad,2.64,4.0,339,709,9,1,1,30,Normal,2,2,2,3,2,10080.0,5493.2,1,1,1,0,0,0,0,85.3,0.03037,3,70.5,Identity reuse pattern,71.9,High,duplicate identity/CV reuse
APP-2026-0009,2026-07-29 10:14:04,Areeba Farooq,areebafarooq1008@yahoo.com,+923321000008,DEV-0026,IPH-0089,CVH-10008,Business Intelligence,Sukkur IBA University,BS Information Technology,6,2028,Peshawar,3.66,4.0,409,680,3,0,1,30,Normal,1,1,1,4,1,10080.0,10080.0,1,1,0,0,0,0,0,40.1,0.1717,1,1.0,Typical pattern,20.2,Normal,no material alert signal
APP-2026-0719,2026-07-29 11:15:00,Komal Mirza,komalmirza10719@student.edu.pk,+923201009719,DEV-I0719,IPH-I0719,CVH-I00719,Business Intelligence,IBA Karachi,BS Mathematics,7,2026,Peshawar,2.85,4.0,409,41,3,1,1,95,Inconsistent,1,1,1,1,1,10080.0,10080.0,1,1,0,0,1,1,1,95.0,-0.04601,0,53.9,Data inconsistency pattern,72.2,High,inconsistent application data
APP-2026-0484,2026-07-29 11:33:52,Ahmed Soomro,ahmedsoomro1483@gmail.com,+923211000483,DEV-0456,IPH-0112,CVH-10483,Business Intelligence,University of Karachi,BS Computer Science,6,2027,Sukkur,3.1,4.0,1500,792,8,1,1,25,Normal,1,1,4,1,1,7950.92,10080.0,1,1,0,0,0,0,0,65.3,0.14246,1,1.0,Typical pattern,32.8,Normal,no material alert signal
APP-2026-0106,2026-07-29 13:35:43,Maryam Soomro,maryamsoomro1105@outlook.com,+923011000105,DEV-0438,IPH-0065,CVH-10105,Data Analytics,University of Sindh,BBA,8,2026,Peshawar,3.7,4.0,406,1157,7,0,0,25,Normal,1,1,4,2,1,10080.0,10080.0,1,1,0,0,0,0,0,22.8,0.18545,1,1.0,Typical pattern,11.6,Normal,no material alert signal
APP-2026-0423,2026-07-29 13:38:21,Zara Khan,zarakhan1422@gmail.com,+923331000422,DEV-0087,IPH-0259,CVH-10422,Web Development,Shah Abdul Latif University,BBA,8,2026,Faisalabad,3.41,4.0,324,588,10,0,0,15,Normal,1,1,3,2,1,10080.0,10080.0,1,1,0,0,0,0,0,33.2,0.17648,1,1.0,Typical pattern,16.8,Normal,no material alert signal
APP-2026-0030,2026-07-29 13:38:26,Iqra Malik,iqramalik1029@outlook.com,+923321000029,DEV-0216,IPH-0106,CVH-10029,Business Intelligence,SZABIST,BS Mathematics,8,2026,Sukkur,2.91,4.0,129,908,5,0,1,40,Normal,1,1,2,4,1,10080.0,9844.98,1,1,0,0,0,0,0,64.6,0.14381,1,1.0,Typical pattern,32.5,Normal,no material alert signal
APP-2026-0288,2026-07-29 13:40:48,Shayan Farooq,shayanfarooq1287@outlook.com,+923121000287,DEV-0022,IPH-0157,CVH-10287,Web Development,SZABIST,BBA,7,2027,Peshawar,3.42,4.0,383,706,8,0,0,25,Normal,1,1,1,3,1,10080.0,10080.0,1,1,0,0,0,0,0,6.1,0.19685,1,1.0,Typical pattern,3.2,Normal,no material alert signal
APP-2026-0300,2026-07-29 14:35:26,Danish Khan,danishkhan1299@outlook.com,+923121000299,DEV-0071,IPH-0364,CVH-10299,Cloud & DevOps,FAST NUCES,BS Information Technology,6,2027,Khairpur,2.62,4.0,626,697,8,0,0,40,Normal,1,1,3,2,1,10080.0,10080.0,1,1,0,0,0,0,0,27.1,0.18061,1,1.0,Typical pattern,13.8,Normal,no material alert signal
APP-2026-0636,2026-07-29 14:59:38,Sara Malik,saramalik1635@gmail.com,+923021000635,DEV-0492,IPH-0019,CVH-10635,Cloud & DevOps,COMSATS University,BBA,7,2027,Hyderabad,3.86,4.0,508,381,7,1,0,35,Normal,1,1,6,3,1,10080.0,10080.0,1,1,0,0,0,0,0,65.0,0.14256,1,1.0,Typical pattern,32.7,Normal,no material alert signal
APP-2026-0116,2026-07-29 15:13:31,Ahmed Ansari,ahmedansari1115@student.edu.pk,+923311000115,DEV-0141,IPH-0160,CVH-10115,Business Intelligence,University of Karachi,BS Information Technology,7,2028,Islamabad,2.97,4.0,339,748,3,1,0,20,Normal,1,1,2,2,1,8677.7,10080.0,1,1,0,0,0,0,0,16.2,0.18996,1,1.0,Typical pattern,8.3,Normal,no material alert signal
APP-2026-0395,2026-07-29 16:22:28,Sajawal Memon,sajawalmemon1394@gmail.com,+923041000394,DEV-0006,IPH-0154,CVH-10394,Cloud & DevOps,SZABIST,BS Computer Science,7,2027,Multan,2.45,4.0,243,596,8,0,1,35,Normal,1,1,4,2,1,4117.2,10080.0,1,1,0,0,0,0,0,50.8,0.16307,1,1.0,Typical pattern,25.6,Normal,no material alert signal
APP-2026-0556,2026-07-29 16:25:29,Iqra Malik,iqramalik1555@student.edu.pk,+923201000555,DEV-0496,IPH-0444,CVH-10555,Business Intelligence,SZABIST,BS Computer Science,8,2026,Karachi,2.7,4.0,233,549,6,1,1,20,Normal,1,1,3,2,1,10080.0,10080.0,1,1,0,0,0,0,0,5.4,0.19721,1,1.0,Typical pattern,2.9,Normal,no material alert signal
APP-2026-0595,2026-07-29 16:33:53,Shayan Narejo,shayannarejo1594@outlook.com,+923111000594,DEV-0334,IPH-0311,CVH-10594,UI/UX Design,IBA Karachi,BS Data Science,7,2027,Hyderabad,3.44,4.0,198,625,4,0,1,30,Normal,1,1,2,5,1,10080.0,9731.9,1,1,0,0,0,0,0,50.7,0.16321,1,1.0,Typical pattern,25.6,Normal,no material alert signal
APP-2026-0324,2026-07-29 16:53:21,Sara Chandio,sarachandio1323@yahoo.com,+923171000323,DEV-0273,IPH-0168,CVH-10323,Data Analytics,IBA Karachi,BS Information Technology,7,2027,Hyderabad,2.59,4.0,316,565,4,0,0,40,Normal,1,1,1,4,1,10080.0,10080.0,1,1,0,0,0,0,0,53.1,0.16078,1,1.0,Typical pattern,26.8,Normal,no material alert signal
APP-2026-0667,2026-07-29 17:05:14,Hania Iqbal,haniaiqbal1329@outlook.com,+923041000329,DEV-0239,IPH-0393,CVH-10329,Data Analytics,FAST NUCES,BS Information Technology,8,2026,Lahore,2.64,4.0,94,709,9,1,1,30,Duplicate,2,2,2,3,2,444.0,444.0,2,2,1,0,0,0,0,88.8,0.00106,3,70.5,Identity reuse pattern,74.9,High,duplicate identity/CV reuse
APP-2026-0451,2026-07-29 17:20:13,Hamza Shaikh,hamzashaikh1450@student.edu.pk,+923031000450,DEV-0519,IPH-0348,CVH-10450,Business Intelligence,SZABIST,BS Software Engineering,8,2027,Nawabshah,2.57,4.0,313,634,6,0,1,35,Normal,1,1,3,1,1,10080.0,10080.0,1,1,0,0,0,0,0,17.6,0.1889,1,1.0,Typical pattern,9.0,Normal,no material alert signal
APP-2026-0382,2026-07-29 18:03:23,Rida Rajput,ridarajput1381@outlook.com,+923111000381,DEV-0099,IPH-0436,CVH-10381,Web Development,IBA Karachi,BS Information Technology,6,2027,Lahore,3.05,4.0,483,712,7,1,1,25,Normal,1,1,1,2,1,10080.0,5913.38,1,1,0,0,0,0,0,14.2,0.19106,1,1.0,Typical pattern,7.3,Normal,no material alert signal
APP-2026-0342,2026-07-29 20:05:34,Ahmed Malik,ahmedmalik1341@student.edu.pk,+923041000341,DEV-0381,IPH-0322,CVH-10341,UI/UX Design,Mehran UET,BS Computer Science,8,2026,Lahore,3.31,4.0,443,723,12,0,1,25,Normal,1,1,2,6,1,10080.0,10080.0,1,1,0,0,0,0,0,65.1,0.14255,1,1.0,Typical pattern,32.8,Normal,no material alert signal
APP-2026-0199,2026-07-29 20:20:41,Usman Narejo,usmannarejo1198@student.edu.pk,+923051000198,DEV-0021,IPH-0297,CVH-10198,Data Analytics,Shah Abdul Latif University,BS Information Technology,6,2027,Karachi,3.18,4.0,547,827,10,0,0,20,Normal,1,1,3,4,1,10080.0,3211.65,1,1,0,0,0,0,0,58.3,0.15387,1,1.0,Typical pattern,29.4,Normal,no material alert signal
APP-2026-0184,2026-07-29 22:06:19,Hamza Farooq,hamzafarooq1183@student.edu.pk,+923001000183,DEV-0445,IPH-0230,CVH-10183,QA & Testing,SZABIST,BS Software Engineering,8,2026,Karachi,3.14,4.0,247,516,9,1,0,20,Normal,1,1,1,3,1,10080.0,2992.77,1,1,0,0,0,0,0,42.2,0.16937,1,1.0,Typical pattern,21.3,Normal,no material alert signal
APP-2026-0521,2026-07-30 08:23:29,Sara Baloch,sarabaloch1520@outlook.com,+923021000520,DEV-0320,IPH-0039,CVH-10520,Business Intelligence,University of Karachi,BS Information Technology,5,2028,Karachi,2.95,4.0,457,743,11,1,0,20,Normal,1,1,5,6,1,10080.0,3729.27,1,1,0,0,0,0,0,73.1,0.11385,1,1.0,Typical pattern,36.8,Normal,no material alert signal
APP-2026-0709,2026-07-30 09:03:00,Ahmed Soomro,ahmedsoomro10709@gmail.com,+923321009709,DEV-I0709,IPH-I0709,CVH-I00709,Web Development,IBA Karachi,BBA,5,2028,Karachi,2.39,4.0,176,61,11,1,1,80,Inconsistent,1,1,1,1,1,10080.0,10080.0,1,1,0,0,1,1,1,94.4,-0.04269,0,53.9,Data inconsistency pattern,71.9,High,inconsistent application data
APP-2026-0192,2026-07-30 10:07:13,Komal Ansari,komalansari1191@student.edu.pk,+923041000191,DEV-0411,IPH-0039,CVH-10191,Business Intelligence,Sukkur IBA University,BS Computer Science,6,2027,Multan,2.98,4.0,689,903,9,1,0,30,Normal,2,2,2,6,2,10080.0,103.73,1,2,1,0,0,0,1,92.2,-0.0244,3,70.5,Identity reuse pattern,75.4,Critical,duplicate identity/CV reuse
APP-2026-0560,2026-07-30 11:02:54,Fatima Qureshi,fatimaqureshi1559@outlook.com,+923321000559,DEV-0270,IPH-0154,CVH-10559,QA & Testing,COMSATS University,BS Data Science,7,2027,Khairpur,3.95,4.0,227,578,6,0,1,20,Normal,1,1,2,2,1,10080.0,1120.43,1,2,0,0,0,0,0,73.2,0.11343,1,1.0,Typical pattern,36.8,Normal,no material alert signal
APP-2026-0460,2026-07-30 11:40:50,Hamza Memon,hamzamemon1459@outlook.com,+923331000459,DEV-0340,IPH-0084,CVH-10459,Cloud & DevOps,NED University,BS Computer Science,8,2026,Multan,2.82,4.0,423,791,5,1,1,20,Normal,1,1,2,4,1,10080.0,10080.0,1,1,0,0,0,0,0,9.4,0.19385,1,1.0,Typical pattern,4.9,Normal,no material alert signal
APP-2026-0454,2026-07-30 12:46:48,Rabia Farooq,rabiafarooq1453@gmail.com,+923121000453,DEV-0126,IPH-0136,CVH-10453,Cloud & DevOps,University of Karachi,BBA,5,2028,Islamabad,3.72,4.0,1096,871,7,0,1,40,Normal,2,2,4,4,2,10080.0,10080.0,1,1,1,0,0,0,1,90.6,-0.01192,3,70.5,Identity reuse pattern,74.6,High,duplicate identity/CV reuse
APP-2026-0069,2026-07-30 12:48:57,Hassan Rajput,hassanrajput1068@student.edu.pk,+923131000068,DEV-0392,IPH-0114,CVH-10068,QA & Testing,COMSATS University,BS Mathematics,6,2027,Hyderabad,3.36,4.0,213,417,2,0,1,30,Normal,1,1,1,2,1,10080.0,10080.0,1,1,0,0,0,0,0,53.9,0.15987,1,1.0,Typical pattern,27.2,Normal,no material alert signal
APP-2026-0126,2026-07-30 13:10:44,Bilal Narejo,bilalnarejo1125@student.edu.pk,+923031000125,DEV-0053,IPH-0349,CVH-10125,Data Analytics,University of Karachi,BS Computer Science,8,2026,Sukkur,3.05,4.0,283,821,4,0,1,40,Normal,1,1,1,3,1,10080.0,10080.0,1,1,0,0,0,0,0,40.6,0.17097,1,1.0,Typical pattern,20.5,Normal,no material alert signal
APP-2026-0226,2026-07-30 13:15:17,Maryam Abbasi,maryamabbasi1225@gmail.com,+923331000225,DEV-0021,IPH-0183,CVH-10225,Business Intelligence,University of Karachi,BS Computer Science,7,2027,Lahore,3.26,4.0,241,575,6,0,0,15,Normal,1,1,3,2,1,1014.6,10080.0,2,1,0,0,0,0,0,78.8,0.08094,1,1.0,Typical pattern,40.8,Normal,no material alert signal
APP-2026-0303,2026-07-30 13:59:48,Fatima Memon,fatimamemon1302@outlook.com,+923211000302,DEV-0524,IPH-0059,CVH-10302,Web Development,Shah Abdul Latif University,BBA,6,2027,Lahore,3.35,4.0,376,180,6,0,0,20,Normal,1,1,2,2,1,10080.0,10080.0,1,1,0,0,0,0,0,52.9,0.16093,1,1.0,Typical pattern,26.6,Normal,no material alert signal
APP-2026-0510,2026-07-30 14:20:27,Danish Shaikh,danishshaikh1509@yahoo.com,+923021000509,DEV-0266,IPH-0286,CVH-10509,UI/UX Design,NED University,BS Data Science,8,2026,Faisalabad,2.73,4.0,257,544,6,1,0,30,Normal,1,1,2,3,1,10080.0,10080.0,1,1,0,0,0,0,0,1.5,0.20243,1,1.0,Typical pattern,1.0,Normal,no material alert signal
APP-2026-0078,2026-07-30 15:13:49,Muneeb Ahmed,muneebahmed1077@student.edu.pk,+923151000077,DEV-0303,IPH-0225,CVH-10077,Cloud & DevOps,IBA Karachi,BS Computer Science,8,2026,Sukkur,3.08,4.0,450,450,9,1,1,40,Normal,1,1,2,3,1,10080.0,10080.0,1,1,0,0,0,0,0,26.8,0.18096,1,1.0,Typical pattern,13.6,Normal,no material alert signal
APP-2026-0668,2026-07-30 15:47:48,Rabia Farooq,rabiafarooq1453@gmail.com,+923121000453,DEV-0126,IPH-0136,CVH-10453,Cloud & DevOps,University of Karachi,BBA,5,2028,Islamabad,3.72,4.0,88,871,7,0,1,40,Duplicate,2,2,4,4,2,181.0,181.0,2,2,1,0,0,0,1,93.3,-0.0292,3,70.5,Identity reuse pattern,77.2,Critical,duplicate identity/CV reuse
APP-2026-0399,2026-07-30 17:22:22,Muneeb Ali,muneebali1398@gmail.com,+923171000398,DEV-0362,IPH-0141,CVH-10398,Data Analytics,SZABIST,BBA,7,2027,Multan,3.25,4.0,629,742,6,1,1,15,Normal,1,1,1,1,1,10080.0,10080.0,1,1,0,0,0,0,0,27.9,0.17979,1,1.0,Typical pattern,14.2,Normal,no material alert signal
APP-2026-0223,2026-07-30 17:27:02,Aiman Memon,aimanmemon1222@gmail.com,+923151000222,DEV-0367,IPH-0028,CVH-10222,Business Intelligence,Shah Abdul Latif University,BS Information Technology,5,2028,Islamabad,3.25,4.0,412,391,6,0,1,35,Normal,1,1,1,4,1,10080.0,10080.0,1,1,0,0,0,0,0,42.1,0.16947,1,1.0,Typical pattern,21.2,Normal,no material alert signal
APP-2026-0327,2026-07-30 17:33:01,Ahmed Mirza,ahmedmirza1326@yahoo.com,+923121000326,DEV-0190,IPH-0300,CVH-10326,Web Development,NED University,BS Software Engineering,6,2027,Khairpur,2.42,4.0,801,609,6,0,1,35,Normal,1,1,3,1,1,8649.78,10080.0,1,1,0,0,0,0,0,41.8,0.16973,1,1.0,Typical pattern,21.1,Normal,no material alert signal
APP-2026-0646,2026-07-30 19:46:13,Komal Ansari,komalansari1191@student.edu.pk,+923041000191,DEV-0411,IPH-0039,CVH-10191,Data Analytics,Sukkur IBA University,BS Computer Science,6,2027,Multan,2.98,4.0,106,903,9,1,0,30,Duplicate,2,2,2,6,2,579.0,579.0,2,3,1,0,0,0,1,93.1,-0.02826,3,70.5,Identity reuse pattern,77.0,Critical,duplicate identity/CV reuse
APP-2026-0340,2026-07-30 21:33:57,Zain Iqbal,zainiqbal1339@gmail.com,+923311000339,DEV-0227,IPH-0378,CVH-10339,Web Development,NED University,BS Information Technology,8,2026,Lahore,2.64,4.0,505,1054,2,1,0,40,Normal,1,1,4,1,1,10080.0,10080.0,1,1,0,0,0,0,0,66.2,0.14044,1,1.0,Typical pattern,33.3,Normal,no material alert signal
APP-2026-0705,2026-07-30 21:43:00,Fahad Rajput,fahadrajput10705@outlook.com,+923341009705,DEV-I0705,IPH-I0705,CVH-I00705,UI/UX Design,COMSATS University,BS Mathematics,8,2026,Sukkur,2.81,4.0,486,70,12,0,1,70,Inconsistent,1,1,1,1,1,10080.0,10080.0,1,1,0,0,1,1,1,92.9,-0.02775,0,53.9,Data inconsistency pattern,71.1,High,inconsistent application data
APP-2026-0171,2026-07-30 22:10:33,Hassan Memon,hassanmemon1170@student.edu.pk,+923151000170,DEV-0539,IPH-0040,CVH-10170,Cloud & DevOps,SZABIST,BS Software Engineering,7,2027,Karachi,3.06,4.0,254,901,11,1,1,20,Normal,1,1,1,4,1,10080.0,10073.73,1,1,0,0,0,0,0,38.8,0.17299,1,1.0,Typical pattern,19.6,Normal,no material alert signal
APP-2026-0552,2026-07-30 22:17:40,Fatima Memon,fatimamemon1551@student.edu.pk,+923051000551,DEV-0281,IPH-0285,CVH-10551,Web Development,University of Sindh,BS Mathematics,7,2027,Karachi,3.73,4.0,976,314,4,0,0,40,Normal,1,1,5,2,1,10080.0,10080.0,1,1,0,0,0,0,0,73.8,0.11091,1,1.0,Typical pattern,37.1,Normal,no material alert signal
APP-2026-0376,2026-07-30 23:49:20,Fahad Ansari,fahadansari1375@yahoo.com,+923231000375,DEV-0120,IPH-0349,CVH-10375,UI/UX Design,Shah Abdul Latif University,BS Mathematics,8,2026,Hyderabad,3.95,4.0,386,180,9,0,1,25,Normal,1,1,1,3,1,10080.0,638.6,1,2,0,0,0,0,0,80.0,0.07224,1,1.0,Typical pattern,40.2,Normal,no material alert signal
